ra,dec,phot_g_mean_mag,phot_bp_mean_mag,phot_rp_mean_mag,parallax,parallax_over_error,ang_sep
40.52669447188046,42.765751156154614,10.701836,10.8366785,10.455723,1.828832680636873,27.505781,0.00592781497961574
40.52584173797052,42.75554981852273,19.71573,20.986116,18.47802,2.670562595576495,4.3106885,0.007178276883766818
40.52395835196026,42.77488549524072,18.205807,19.630562,17.018248,1.7610114086881712,8.055688,0.013387793890833588
40.507381210754254,42.74830748734323,9.717641,9.778178,9.56973,2.4644633473745814,7.3832107,0.01662646969528412
40.54210230229085,42.753107523409184,11.142745,11.295113,10.873368,2.0473820256817508,87.37003,0.01784567553941473
40.49824208957614,42.751609975950835,19.783285,20.710135,18.680197,1.9396802436613951,3.159362,0.019394371363006105
40.524083138489,42.78155020216036,14.2059355,14.767621,13.489253,2.0544660184168264,67.22034,0.01999597019681093
40.49332166081989,42.76753416438725,11.827911,12.066419,11.438984,2.074094454440027,82.38862,0.020999895749310733
40.5513731039065,42.77721083134726,19.545673,20.817545,18.352482,2.450143587340621,3.6588564,0.027281774602990857
40.55402117108073,42.747063899388515,9.928208,9.968819,9.8353,2.236387389148199,35.42119,0.028447318345627245
40.48130221455919,42.76194387563054,19.2339,20.671144,18.043425,2.0898739685521623,4.8465495,0.028999605522317156
40.531262822521455,42.79074744875447,15.363846,16.02851,14.585902,1.7829854016184268,21.91866,0.030045534367407492
40.55608241793757,42.77792880631305,8.809739,8.827378,8.74653,2.119157972930116,30.4888,0.030564756075389138
40.54936689385723,42.786806406603624,15.6549835,14.173465,12.617375,1.9915462527661534,18.388954,0.032711388004709775
40.55055635817833,42.78634648608985,10.022907,10.063455,9.931407,2.058641895045522,67.91834,0.032932278939865625
40.501227292196745,42.73091072035919,17.775457,18.89812,16.781534,1.537728487031086,10.754383,0.03397908587332105
40.528637279696134,42.79624597861018,12.331401,12.5986395,11.904043,1.9898955878705906,97.2378,0.03502163246129991
40.49350793784938,42.79181898438342,8.4696665,8.458663,8.449055,2.05677290310764,51.84042,0.03617257362702848
40.53620332945246,42.797589317281826,14.418729,14.935219,13.750767,2.1170719857444813,70.2189,0.037627910867225674
40.54878747919634,42.73004370493987,15.259428,15.8729925,14.511522,2.022203570953556,47.525208,0.03774328017231384
40.486431253712844,42.7897860649311,8.52498,8.51146,8.513619,2.0870913349480777,52.291615,0.03775237225478173
40.51306656412356,42.800963269317585,16.365837,17.242811,15.451604,2.00139872022315,24.74289,0.039671411454900336
40.520401003520675,42.721735882520406,16.129442,17.113665,15.152607,2.3438049390744093,32.577736,0.03996519177008001
40.5224417793108,42.802226178902416,20.332596,21.597403,18.880575,3.224534913596605,3.532261,0.04054408881232371
40.46577530181748,42.772233650038196,14.213701,14.615816,13.532774,3.2789259853274975,4.8352785,0.041745641130060976
40.5539813163683,42.72750710760848,13.438645,13.802052,12.910564,1.9573150162235584,73.448265,0.041987483829320583
40.46779221846131,42.7437331897,12.078284,12.333684,11.6753,2.0159323019795146,93.25494,0.042869732646414895
40.54579236747369,42.72118159399924,16.218002,17.070019,15.297764,1.9439496652277233,20.983463,0.04448198408001842
40.507240643568814,42.71757288704067,18.704351,19.982746,17.537226,1.726920173523118,5.958403,0.04523688649715144
40.5527551677085,42.722010063580505,14.55018,14.952184,13.902284,2.388068169724515,5.9310374,0.046109224966261186
40.477826955397,42.79561003391683,12.181439,12.476464,11.7188,2.162144758881424,27.33553,0.0463115030880373
40.578840670516655,42.78019031172392,12.385351,12.699494,11.90335,2.0491876774335744,81.19019,0.046445417885774755
40.556898357972855,42.722417360190065,19.251783,20.990446,18.084341,1.8621419725800872,4.219933,0.047391678032677256
40.45962888582584,42.74375834532258,15.564868,16.264147,14.758786,1.9721704610585966,46.12334,0.04836807821371668
40.452021825494256,42.770580102134005,9.000556,8.987901,8.988873,2.0725492224538047,67.172554,0.05126713511630301
40.45674602667773,42.740952332726664,15.403193,16.084778,14.6216955,2.2320320130049662,16.997753,0.05140799494108208
40.46928168007733,42.79663350642938,13.340531,13.742809,12.771563,2.383351743729596,115.27383,0.05148001481762484
40.59228444386393,42.760132957515246,8.87932,8.87991,8.847186,2.111710903502933,60.61888,0.0525067775978095
40.54741398052819,42.711585955920256,19.829483,21.20835,18.57526,2.079195912577221,3.1268034,0.05379145246777539
40.56745973976895,42.7197927908189,17.282148,18.38511,16.241974,1.9546604776960248,15.523911,0.05413444403400763
40.52407146296005,42.70739065578297,8.329933,8.314586,8.322409,1.99698418617481,33.01828,0.054362476338162505
40.45299904840084,42.784580412599716,15.552594,15.847395,14.815321,1.7044754324951685,10.391738,0.05477667057862659
40.501780871037205,42.81482884390416,12.651755,13.062413,12.076188,2.030249893425125,89.57684,0.0549316592723665
40.491157101988826,42.81342416102751,12.602574,12.9003105,12.1436615,2.038095025024359,121.670105,0.05611270943281952
40.524892404067415,42.81776369279065,19.32622,21.008802,18.095814,2.162993761576518,4.6349764,0.05614407325061485
40.57182693136315,42.805157770444566,15.45689,16.14737,14.638961,1.9280887348854139,34.65557,0.05736794148230066
40.5274939310329,42.70322125862956,12.323286,12.611241,11.878396,1.7095382626841444,81.32512,0.058685083631862485
40.586893498873124,42.727284379376414,14.948707,15.514021,14.237192,1.7693349917193122,49.254887,0.059501234566158065
40.58000395261526,42.80394640937695,18.638016,19.916042,17.466974,1.7294002566928162,5.7532315,0.06060375108624037
40.53909287289624,42.701508481652176,13.324194,13.718622,12.665929,1.9169998721228418,17.32801,0.061673072544672455
40.59536671741623,42.73316084164698,19.420485,20.607946,18.324886,1.551161919933874,3.2492702,0.0617491162539297
40.50755196210757,42.69969226139717,17.347,18.493233,16.288395,1.9789640375411055,15.33839,0.06276670306675597
40.447479351147116,42.72740672668853,12.995558,13.321161,12.506523,2.0007580214184033,82.87001,0.06383879038295451
40.43407147732474,42.76874915895942,14.247354,14.706276,13.629317,2.020570653128185,82.09096,0.06406008324125152
40.47091144599498,42.70788963980645,18.487673,19.965185,17.34336,1.9514426124733701,8.106622,0.06510210434634485
40.43276932285052,42.75223463747013,16.36026,17.254623,15.426355,1.9924757513646858,32.941517,0.06532502388922891
40.59165270566603,42.802262792563646,19.601318,21.081463,18.326809,2.317269662528664,4.085018,0.06595100759718474
40.53629258896418,42.69635154137518,13.24849,13.665294,12.664019,2.0173863787010333,105.24679,0.06633200305847821
40.55235241968146,42.69889690660606,19.106333,,,2.270856807278352,4.8357115,0.06694327733109391
40.55227459811335,42.82457184903666,19.42384,20.721539,18.127214,2.0348191485939635,4.280859,0.0669799489549714
40.55516273746964,42.69940865734504,9.041058,8.683101,8.424959,2.0061398990706936,29.420372,0.06721109780167818
40.554729610069,42.69919159033431,8.435259,8.158874,8.1309185,1.913424073753646,45.919304,0.06729386095329076
40.54037842698845,42.827735471702105,16.362349,16.934628,15.247856,2.1387326653926246,28.820759,0.06758017346941037
40.573572303975645,42.817707172874414,15.005833,15.792586,14.140389,3.2926901393967762,76.10543,0.0680924957952323
40.5391610329702,42.82851129593934,13.066208,13.449166,12.514191,2.031298942756218,69.994286,0.06815624489587653
40.613605723468844,42.758043197110595,9.317133,9.330633,9.267851,2.0706815963015615,58.618103,0.06823652814044769
40.615602818598646,42.77112801676566,12.225878,12.496971,11.793812,2.308110859862655,30.270945,0.07023308174953709
40.43340166474544,42.731282816665974,20.20609,20.965954,19.334557,2.877509936294333,3.6809044,0.07102505773404859
40.458389550874415,42.81600802836902,18.537312,19.648087,17.486538,1.7040874134173207,6.9208384,0.07104267461038404
40.44615375843746,42.71567139396373,11.188947,11.352592,10.902174,2.0193204107756744,71.51535,0.07158455738923156
40.61792856487038,42.750379863682284,15.493411,16.153801,14.707265,1.9722734485141387,36.44463,0.07220957273772038
40.544156405371155,42.83226009393058,9.35695,9.96669,8.614139,1.9843517638727042,94.180145,0.07261158428074517
40.42242334812371,42.7716275859931,10.451614,10.537397,10.28777,1.9589536044112705,56.14982,0.07289989884541405
40.609566240829864,42.728224263651974,14.552109,15.055808,13.896476,1.9994302448374155,63.272938,0.07328127059963664
40.584621028109744,42.81819957719717,16.037605,16.835539,15.1689415,2.005730016726717,36.673065,0.07338745594506552
40.601186110491206,42.716482287576326,17.458399,18.631783,16.37844,2.077063845677489,16.084993,0.07436618159245506
40.61812576598031,42.73931289206451,18.317747,19.546196,17.22799,1.8579240782434148,8.296716,0.07489222208294645
40.441410073626265,42.71389169525734,13.035347,13.433079,12.469455,2.0005222223992054,73.73188,0.07540295775980745
40.45217087920585,42.81803701174797,12.64155,12.89816,12.231404,1.651687307120239,85.90146,0.0755667794160355
40.47981502159896,42.69210295635218,18.966873,20.877703,17.703802,2.3322111117065347,6.3414235,0.07583009914215195
40.451644240701675,42.70509877802757,19.445309,20.931267,18.16268,2.086616065785049,3.919625,0.07605231344783783
40.60958003002809,42.72106244822433,18.793737,20.51786,17.593697,2.194764070744935,7.0685744,0.07682930140213308
40.61552622053105,42.79750941427506,17.10167,18.282124,16.012291,2.4537612694539406,24.741777,0.07820631817817869
40.498175727791995,42.683847273998545,13.035058,13.423633,12.4758005,2.1809067800794435,58.040848,0.07960714827123974
40.43966725055751,42.81678891848123,12.44367,12.721904,12.005181,2.0312511261470756,106.10559,0.08111586528411018
40.45200359389192,42.82597744873678,15.626158,16.292368,14.834464,1.6010874532308095,36.282852,0.08173201947239442
40.52483254267447,42.84366108488694,18.500767,19.962969,17.291473,2.11541477491847,8.781582,0.08201446916001792
40.4754858285143,42.836813657155055,18.090057,19.548323,16.969648,2.109816323442511,12.125779,0.0821434170045072
40.56525209974243,42.83765477410887,16.295488,17.371254,15.266023,1.8272215622225414,28.831913,0.08266154361148655
40.502646667844566,42.679808586130505,16.600262,17.433445,15.709443,1.5565397491539832,18.663996,0.08297030081544163
40.5471783024551,42.84343202719198,14.183298,14.6867485,13.515644,1.9918145675569146,74.59847,0.08399221099409895
40.406204680494135,42.75391814975741,17.295427,18.21121,16.359264,1.538252743320386,15.669118,0.08449840951851958
40.60802416016492,42.70656421764584,18.1935,19.29859,17.060822,1.9573158102560637,8.847194,0.08452538713605776
40.548902979204016,42.679161136549524,19.333862,20.495161,18.303156,1.4734537084539292,3.5853515,0.08508196849993675
40.48023110841981,42.84213244282503,16.334648,17.414597,15.315709,2.0647596849008787,33.40137,0.08576347329429622
40.408918035749714,42.73453574896469,13.8594885,14.271954,13.280845,2.0334381520202323,91.48438,0.08653410164749421
40.4107718380052,42.793689248939344,17.883835,18.996096,16.881018,2.044361299581124,12.595176,0.08686481154518233
40.61448480322413,42.708618154585544,16.18859,17.009455,15.295828,1.9866821938790642,30.232338,0.08690615458606875
40.43237440456154,42.82241546919942,19.80953,21.300613,18.553328,2.4259224494926745,3.3766973,0.08886465199241636
40.5235449699367,42.85072227456215,12.37146,12.654013,11.93548,2.08526230033416,93.27959,0.08904505047689182
40.43484147456541,42.82538885749825,19.729303,21.580276,18.516281,2.941061188691365,4.5111847,0.08963797325412694
40.44952691831643,42.68845621454577,12.056462,12.380497,11.574163,3.2153713471616423,126.58612,0.09003365869555487
40.64217890739994,42.74855346180742,17.293425,18.142447,16.067757,2.00274523870172,15.817953,0.09008827869200063
40.508493673647266,42.67194615357746,17.312769,18.651205,16.18368,1.9585443026431795,14.899579,0.09020811652518648
40.48473036866703,42.84888705768362,19.516901,20.941368,18.17716,2.5545145202398136,4.9820113,0.09111464354935868
40.41192218013797,42.717032469129094,16.835278,17.846945,15.845407,2.084402704329442,25.322817,0.09159482161987018
40.64404592872596,42.74742896318002,11.430633,11.605831,11.127038,2.0442125418005577,81.15782,0.09161393743459006
40.59623306466067,42.836359980672924,18.025381,18.942923,16.298435,1.5118877303568155,5.1073074,0.09293843078069552
40.39425545258704,42.76439939041143,12.8620825,13.175552,12.386356,1.9851649530827844,101.956535,0.09294414186992493
40.620631039696605,42.7029043311102,17.635056,18.829458,16.519987,2.1020058891587996,12.803386,0.09398982088368765
40.602040238751776,42.68806326536337,17.390831,18.56386,16.34585,1.926667890577972,14.297443,0.09478477384543657
40.536324907708284,42.66719712665269,19.741365,21.260456,18.509424,2.135650500710931,3.829866,0.09518880523956535
40.452848294210334,42.68005327350439,18.288607,19.603228,17.136183,1.8809919571029898,8.130125,0.09569944116376243
40.641521045331814,42.72391224117625,16.483288,17.392399,15.544646,2.106829758056709,26.235483,0.09637549741268257
40.43181866336207,42.69046107826431,18.4381,20.141714,17.192392,1.7719427631147833,7.217769,0.09668362224629722
40.61367634198049,42.830356094085495,12.765599,13.085584,12.275121,2.0760647937217565,63.78114,0.09673753259041712
40.540318649996784,42.66506192604804,18.852911,20.414576,17.653925,2.3074836184422174,6.9267673,0.09769643966446039
40.60583446488551,42.685619476213176,19.549671,19.850767,17.952915,1.8693027546987604,3.1103752,0.09844110447339292
40.60674377586231,42.68576500636531,15.152343,15.751291,14.417109,1.9569654636095302,46.985046,0.09875436884526559
40.6143418277189,42.6895971972741,17.946857,19.354565,16.789795,1.6812446227182503,9.806433,0.09960329790722644
40.402680659510025,42.8119634155908,17.582743,18.829212,16.490816,2.1061530503226438,14.586225,0.10020425744924734
40.57701256894613,42.85337184922824,19.687849,21.01314,18.511406,2.6460600178878515,4.572396,0.100520888738607
40.39570252307267,42.80292742256197,18.672098,20.38824,17.396757,2.0802428063365066,6.69006,0.10064544609041665
40.63452277934334,42.818294569528355,14.636161,15.263129,13.86265,1.949382350088715,54.207516,0.1008351489467131
40.401120316833875,42.81175540648713,17.972086,19.136826,16.90627,1.5588540648531315,8.458551,0.10109349155543755
40.527068980957225,42.660325253552614,17.061451,18.157543,16.03499,2.026625912680906,18.277733,0.10147934589330722
40.56373715435588,42.858418100648436,19.76205,21.059746,18.460619,2.068674895371622,3.2940054,0.10171817238176771
40.3831568859445,42.74437580101534,19.792952,21.165749,18.45345,2.500701918461551,4.3992457,0.10254348198326527
40.51063445765036,42.864295739971595,14.890086,15.442811,14.19378,1.961142513466662,62.717686,0.10286639666912341
40.45501342313361,42.669492097664104,19.135178,20.363548,17.935894,1.7647440987428655,4.839111,0.10410861303524517
40.640087253700905,42.820041744249714,15.969096,16.792377,15.07621,2.0886946558825414,39.727055,0.1051977907994236
40.37857184728281,42.744519490257,16.821737,18.085573,15.7114315,3.048498583697102,37.707687,0.10583980700595441
40.66497019719293,42.76571018681931,19.651539,,,2.3966008565045764,3.7470782,0.10591993747496557
40.39533972358539,42.814636245902065,17.858034,19.160528,16.742281,2.0001651663144497,11.6668625,0.1062045820132888
40.46089343178636,42.8591844392547,18.031294,18.114195,16.487587,3.253185460149143,14.106432,0.10693280586316667
40.45410405733164,42.66657495843603,15.518015,16.183088,14.72737,1.9765260294498104,37.847313,0.10700573875509677
40.65797644063832,42.79957835592951,19.243225,20.53394,17.95509,1.476415048969385,3.4756377,0.10757146136121008
40.43330728521889,42.67541355704559,15.080055,15.843849,14.236669,2.5698878541022645,65.782005,0.10759797255486224
40.46180657109045,42.860536691011944,11.421782,11.598321,11.117102,2.0781542410329545,67.4087,0.10789637827186693
40.495180209923966,42.654841114896264,11.405555,11.574169,11.109081,2.2065366523313066,19.8189,0.10850453247218406
40.56015680236362,42.866451384225016,9.309498,9.3275585,9.261291,1.9770610709451797,46.24882,0.10865711415434805
40.37334127654827,42.74080403144534,17.755936,19.067194,16.664845,2.1226109244189657,14.485254,0.11027788613411882
40.555641067896524,42.65384872570982,19.290148,20.774176,18.076124,2.468393296024787,6.077901,0.11084836141786651
40.369680530339906,42.76922449707415,19.43527,20.805237,18.197874,1.8929262862961667,4.1512647,0.11119760124175218
40.657819353205326,42.713643859699786,12.237067,12.510061,11.785768,1.886488773218933,31.933586,0.11152163172886446
40.635417748957636,42.68831077360368,18.027266,19.59718,16.784832,2.0700154466316367,11.400687,0.1116945335676573
40.399812765894964,42.829811748385836,19.313961,20.81621,18.066967,1.7404073524930495,3.577552,0.11189613595466735
40.611260754571035,42.67140009848878,16.814905,17.919641,15.757752,1.9884605673405693,23.89726,0.11212237184677945
40.39277368737809,42.699964190101646,12.933773,13.342273,12.363205,2.1039995224855867,100.56734,0.11249507275996751
40.671125838562496,42.73949049313973,17.690855,18.926714,16.60849,2.1883798396146266,15.771766,0.11259865450394839
40.625818333448066,42.679466836758984,13.985627,14.410784,13.385874,1.946595812101801,49.89045,0.11276087722688906
40.674262931046705,42.767139936633754,17.368011,18.580423,16.248472,2.148217840176756,13.344009,0.11279630303096737
40.389319024244394,42.70326409926789,13.746868,14.142413,13.188161,2.031495719652659,95.34662,0.11287964028803937
40.66553554377875,42.72056657863866,18.30379,20.016096,17.055883,2.0953070236093656,9.155368,0.11397881317903999
40.45730590333167,42.65676595506943,17.019224,17.906546,16.09081,1.566370807447378,15.30887,0.11483864808517291
40.383647514732196,42.70466292574871,18.225126,19.713383,17.053684,1.6190555303508796,8.206712,0.11576730379576813
40.402558377847775,42.83888567505034,14.130761,14.576566,13.4912,1.9399014929282972,79.958626,0.11612234915205266
40.529821530317754,42.64563884219964,18.244394,19.725744,16.992523,2.174931850073794,8.097372,0.1162503536378038
40.604451607808414,42.66224911902308,20.336304,21.06688,19.030977,2.8109928709854515,3.8678687,0.11691198255784789
40.5341246259328,42.64499003300484,12.971771,13.291711,12.485286,2.0645226071584206,28.904055,0.11712001647603511
40.415105676924505,42.673962806948076,20.223076,20.960533,18.971045,2.8760552839040727,3.1292944,0.11716634401076707
40.681954732982994,42.761591467386985,19.195238,20.358147,17.545094,3.233259899412614,3.071663,0.11831734267296674
40.66075379710537,42.702954113826515,18.74524,20.144094,17.558468,2.321781188849924,8.629295,0.11840194544505958
40.3968953736684,42.684000152082525,14.321411,14.797927,13.683742,1.9572243866674708,34.76729,0.11967855563081664
40.680908973006424,42.73621432843391,19.040335,20.65312,17.84948,1.9395907433225228,6.2634735,0.12030405701924331
40.363257293391,42.72835669223199,14.852352,15.325024,14.218087,1.5747065376408407,46.09823,0.12040529856148473
40.62747482145927,42.854530422539085,14.405544,14.91328,13.744552,2.249168567229358,90.90986,0.12141724030494924
40.66929872948056,42.81543482752933,17.59928,18.781742,16.504911,1.8270679712653308,14.396877,0.12150575325690564
40.51311573315672,42.63985835034753,16.644217,17.43989,15.785266,1.5315481659707586,16.390192,0.12197244982637871
40.45013649550773,42.65103764939528,12.771561,13.085394,12.303562,1.971700558893288,73.57385,0.12223949754050804
40.560861133014456,42.88051214922502,10.44263,10.52837,10.27644,1.9367954030618282,79.068375,0.12239177410434994
40.48307381377841,42.88177297617389,17.083916,18.031029,16.109068,1.6727670776297596,19.44829,0.12322016288436115
40.568643244522264,42.88002937626086,11.40387,11.587674,11.090563,2.1007874806424,29.696243,0.12342325796054827
40.47918638007766,42.88146192845137,14.169255,14.620318,13.513163,1.9279000014055785,11.431522,0.12359021610833168
40.662752517707595,42.82971408150294,11.377925,11.586282,11.0331135,1.949399655306729,87.59556,0.12440111015627553
40.6563898061915,42.68593142098442,17.106052,18.257814,16.050997,1.9622718103093462,17.43443,0.1251509609508094
40.35953300524515,42.80357836125325,13.242955,13.589234,12.733819,1.9925736463628585,116.25922,0.12554993754364857
40.692389923926605,42.75973345904701,18.541677,19.917755,17.353703,1.9327369072240288,7.386443,0.12599588159196334
40.379732247427036,42.6873217122771,17.237011,18.381283,16.191683,1.8529128402136645,14.47174,0.12756047557396724
40.40253314207438,42.66773663407523,17.13055,18.445122,16.012896,1.9404588710531032,18.74054,0.1279840746221467
40.438488544320975,42.8749393965362,19.203476,20.192852,18.212053,1.7501566832884436,3.986389,0.12832956306121693
40.680487695496765,42.709357912833816,14.74604,14.71152,13.651212,2.5931942614953383,3.3495634,0.12843888392831773
40.46543278141868,42.63980408638326,15.956096,16.761543,15.069486,2.0731872947599386,32.280735,0.12850782807493408
40.35277426745852,42.79835427373973,17.046814,18.120909,16.036362,1.984289622246896,21.34112,0.1286571231029681
40.38616779843439,42.67892022925129,17.083193,18.157438,16.066576,2.0335694133944817,17.587372,0.1289799538266752
40.677482493652256,42.70253980801015,18.754982,19.997837,17.475033,1.7114296183974376,6.143936,0.12940371513041643
40.4938857109188,42.8896799183881,15.660974,16.244844,14.930765,1.473600508334319,34.657642,0.129493287023314
40.67943056953985,42.704899493777795,12.72272,13.018526,12.255604,1.9698561901935219,107.16336,0.12962480104135385
40.491332251502925,42.88954356557793,15.458236,16.135643,14.632055,2.320395053310054,22.857817,0.1296575215590879
40.696650458375395,42.77855261230596,19.537256,20.923918,18.274635,2.0415245407717757,4.2461467,0.13018439621645037
40.69812719182438,42.76297839074251,16.039831,16.831062,15.161836,2.037539275940458,39.739693,0.13019567512065697
40.685763736572746,42.80996855817805,17.955257,19.245173,16.826231,1.9657054773580265,11.308279,0.13033399426544934
40.570792193515686,42.63664958080885,17.666101,18.828255,16.581528,1.7716911552490333,8.74109,0.13033598250591497
40.675467597656656,42.696639064780065,20.039444,21.185932,18.956022,2.1416977245979694,3.0575838,0.13092391494550934
40.472178818969475,42.88821545874586,13.573066,13.966019,13.018276,1.6473457373918985,90.79885,0.13144514033173849
40.52049441840799,42.62979266203536,16.94415,17.990358,15.944405,1.98667164635892,20.415596,0.13190752916454043
40.35089003674057,42.805136895248665,14.544681,15.154181,13.79826,1.9967315046173042,49.293076,0.13204998984451644
40.53270909747831,42.629177674534056,17.799526,19.070713,16.675705,1.9856532053855196,12.53018,0.13281106260872172
40.383773489027625,42.850398739525446,19.353596,20.914406,18.11298,1.5949027546446362,3.1290271,0.134066629341757
40.694735169146654,42.72049163792991,12.704033,13.011933,12.232793,1.9903365446626435,116.0409,0.13422502861490523
40.66832401241146,42.84159311760841,18.37978,19.884636,17.204903,2.12579565250763,10.708374,0.1345316874403217
40.597192227241024,42.63914145039103,16.768944,17.742126,15.791963,2.158082714915651,26.524134,0.134805223958958
40.69890813135159,42.795236124648,14.710981,15.23478,14.038786,1.9730667175609642,55.035576,0.13496170814690772
40.437868278310745,42.63936648598434,16.029701,16.693914,15.245521,1.5783538952044545,25.443195,0.13667496351354533
40.68655418127864,42.824052918977834,10.293818,10.345945,10.185825,2.0686488144425317,74.31175,0.13668362414489227
40.35013412377649,42.817476827714756,10.17254,10.212312,10.086697,1.9887214641729933,71.78802,0.1371022757665562
40.410278329529454,42.65120443872033,13.395389,13.756075,12.870731,2.0350663022207107,104.357834,0.1371321481174153
40.690624590194076,42.82027553363002,8.258027,8.24838,8.235912,2.079091481426255,54.044357,0.13770295985073303
40.68873931215525,42.70006494327279,11.314279,11.48426,11.022394,1.9524421528482245,70.02535,0.13790022660638573
40.64456424571821,42.86572704739905,15.775603,16.4627,14.969843,1.7247271985550343,38.618294,0.13807364360740298
40.50260928206572,42.899564581901274,15.265435,16.05925,14.390582,2.9317742442961046,90.05305,0.1385085217421307
40.645926778737675,42.65801802039153,17.764067,19.184368,16.684988,1.9242836885853147,11.343502,0.13857647261213918
40.483905857015195,42.62471407673759,18.28074,19.84163,17.088734,2.2377014535801822,8.728844,0.1396440982119765
40.44797780674395,42.89081459502791,17.212893,18.242369,16.207771,1.7650790125720732,17.153442,0.13972512348455401
40.44842574199068,42.89192798530962,18.489693,19.80127,17.36548,2.12427121381787,9.20987,0.14063009792668213
40.4154153516606,42.879196074308666,10.462585,10.525261,10.340384,2.0814849635367914,70.06326,0.1406426220798378
40.394783275672246,42.86779528415698,15.545803,16.245375,14.744553,1.9338269529169243,42.179016,0.14071740549143336
40.70677911699695,42.726149055955744,18.502352,20.27103,17.253778,2.829369278372944,10.989593,0.14113296185202387
40.70057934920823,42.813438172194466,19.507757,20.975294,18.352917,2.680417120772502,5.810475,0.1417177808936942
40.53221624330921,42.619953143374005,15.10945,15.734205,14.313795,1.4587345036493098,18.842056,0.1419950123349807
40.68718964788518,42.68873776739043,19.010136,20.47843,17.79495,1.5449663426290337,4.3821144,0.1423525906371932
40.603762012867485,42.89051693324374,16.652367,17.609577,15.68943,1.908111134262903,22.837015,0.14246414951351385
40.554220017243246,42.62132190770102,11.026753,11.219808,10.696442,1.9899266409674976,65.39272,0.14251108178370875
40.63351755898121,42.87870644703273,15.614202,16.269327,14.837947,1.861780967938741,39.41346,0.14326905938920592
40.6768766407334,42.67537202552393,12.702779,13.021192,12.215938,2.0158827899152465,61.48995,0.1435319806635777
40.6833725265083,42.84314136827254,19.384762,20.780033,18.145166,1.5144799299282745,3.8632615,0.14443101689180002
40.43507621861373,42.62973653168862,16.805788,18.031288,15.706028,2.0210231255421154,22.545212,0.14623219447449906
40.71404238894006,42.79790301538378,12.80205,13.169886,12.264515,1.8099093137183355,29.62156,0.14638144559943944
40.321089604794196,42.76042671646397,17.035944,18.043234,16.045362,2.2813312531604226,23.98975,0.14663115379912725
40.714100116296706,42.72461813050635,11.731574,11.95585,11.360979,1.9733638370454485,79.03237,0.14672347521508664
40.543883471088925,42.615790809723165,18.332035,19.757164,17.231462,1.9042235266385772,8.349584,0.1468924292235432
40.513747008491976,42.61448670214813,19.088572,20.271223,18.033287,1.525236335953019,4.626119,0.14730455660214636
40.68696544983147,42.84544367847011,12.434905,12.78117,11.919742,1.827102126281169,97.110664,0.14790501833603056
40.33382920501486,42.706194393521606,19.141426,20.52556,17.943897,1.7338980714250651,4.8314624,0.14812512287540935
40.415494289565814,42.635189449767225,19.291225,20.606909,18.054249,1.9530331614133845,5.1319847,0.1483055323872242
40.45807998296713,42.620493742821736,14.152532,14.586748,13.556812,1.9709128918421173,69.94401,0.14854109193508885
40.71796538521088,42.795999113780674,17.821335,18.977482,16.731968,2.0972327591426403,14.325024,0.14872462645673679
40.51258895696473,42.61292395244904,18.235367,19.98827,17.038055,2.561989977620326,12.823257,0.14889842612635326
40.323128133356995,42.7254716794687,10.517954,10.595139,10.372933,2.0191451661869855,64.61531,0.14962214130431709
40.71886671150242,42.799153830379275,18.254953,19.607107,17.081633,1.6545745541922634,7.9591074,0.15012065111853815
40.43715718346024,42.89897345767356,15.684297,16.592234,14.751092,2.0639907006922162,43.035282,0.15035534608319542
40.56212951754867,42.90928835117878,13.107917,13.473718,12.57146,2.1984228974260187,127.98363,0.1506680190902999
40.716334822638025,42.71597075609104,20.014942,20.467726,18.754026,3.0443828263458155,4.1499286,0.15071631802939361
40.332393679238606,42.8227112773979,18.222252,19.672047,17.028128,1.8420343471244573,8.805758,0.15112012599588098
40.52953245668343,42.91386529218801,18.471027,19.921278,17.355701,1.9266901509715637,9.339314,0.1522999637420908
40.5206986216517,42.609355214994814,19.721975,21.07195,18.568314,2.2593104393132197,4.4609003,0.15234480323188387
40.36141626013865,42.85946736848447,18.037924,19.42955,16.887005,2.1237338346327856,10.716519,0.15241327196373267
40.5638400613264,42.910860537782604,18.903109,20.475288,17.609653,2.696225645712541,8.59428,0.15246303424201352
40.72951863255615,42.7640027838965,15.471393,16.160921,14.666564,1.944339206519804,44.492935,0.15325227065087313
40.35265590749936,42.852969312303905,19.452906,20.712399,18.363605,1.538440849225851,3.0147069,0.1534509596386802
40.71827969461421,42.70906171516618,15.723422,16.343992,14.980321,1.631265844834226,32.10985,0.15430389364200472
40.699276741901244,42.680047764226174,10.605036,10.6791,10.461793,2.0478535200552166,75.215546,0.1544661865601316
40.459910676183874,42.6129469485634,18.700539,20.427822,17.435734,1.9199478118108153,6.837778,0.15534061887190198
40.447415778964874,42.90815666616903,18.150469,19.543884,16.989847,2.261416443320556,12.546289,0.1560303596333428
40.34624863911165,42.67110273448868,14.686759,15.20655,14.015575,1.9759681308812964,57.33606,0.15701910374379355
40.62035868773965,42.9011128924942,18.906721,20.612389,17.644476,1.7375751308830232,5.3755617,0.15737442683696026
40.489253179612845,42.605586922544006,17.878109,18.798141,16.348776,2.0124927901360494,13.5587225,0.15782611617597989
40.48949448101765,42.60537827091314,18.534966,,,2.0758399226337287,6.8580728,0.15800657934273074
40.45567108442446,42.610402492840635,14.221388,14.683146,13.591304,1.9255985158212021,57.009804,0.15869133843169997
40.674599117538115,42.873972730436506,16.27108,17.130213,15.360905,1.8943674542082685,23.598986,0.1591610897898856
40.67178310817575,42.876239446689496,19.527504,21.177656,18.245203,1.6358281882682673,3.2233284,0.15932398042760101
40.4103398244481,42.90046993670281,18.073042,19.332346,16.889803,2.4864362035141627,13.748904,0.16068369343372985
40.303894553452196,42.740327624493105,18.14704,19.668478,16.93905,1.7654885246312075,9.145987,0.16070342428349363
40.563221937732436,42.603218778594865,18.659084,20.102404,17.265657,2.490951661009748,3.4865851,0.16152033522916387
40.31890078208159,42.826327503349404,17.939554,19.219301,16.808249,2.0139845732624098,10.48578,0.16163616242125575
40.31540552126013,42.70290968825716,17.62774,18.72099,16.60242,1.430133777728957,11.519373,0.16191877448247805
40.71029796722848,42.84491755826935,18.159107,19.56598,16.944057,2.0087206488192946,9.76155,0.16203482363076202
40.704593962741924,42.67065857844291,15.478113,16.06879,14.667776,1.8720902157218262,41.39653,0.16286095369011916
40.68942676379196,42.86819394807264,15.091966,15.686558,14.365531,2.054039500919279,57.580894,0.16322312597550476
40.6810118677045,42.87501991571975,15.293764,16.032171,14.433428,1.9483763705659567,26.422567,0.16325351230637566
40.36727254697194,42.64362422176899,13.499759,13.878854,12.957497,2.009805601435325,104.65693,0.16331346917896322
40.2981350469466,42.763310431854734,13.185034,13.508473,12.68714,1.4958715715483935,77.34264,0.16348277943259526
40.631420108305534,42.619565542621224,15.554533,16.29241,14.704688,1.9702566160634234,29.605862,0.1637476067379974
40.2981567161805,42.772878921338894,19.161758,20.612677,17.942522,2.957960864801764,8.055438,0.16382815977538162
40.330729205132755,42.67595759781081,18.880089,20.555927,17.644732,1.7911361188089303,7.1493673,0.16386588165368102
40.72008023608336,42.835726604888194,17.30822,18.463339,16.271196,2.045996783272327,19.91913,0.16389163987771035
40.64777950264996,42.89803097215539,18.356804,19.80388,17.161926,1.8253681714200192,8.636978,0.16510038017311046
40.469120638685595,42.600430793794736,17.56665,18.84719,16.482847,2.0722530585834615,16.750708,0.16568375680890643
40.53075822777394,42.59589745276698,14.597041,15.093244,13.885024,1.7285246572373292,10.119688,0.16596409484288838
40.73254602023587,42.70348508878774,13.171308,13.563064,12.610739,2.660415074005251,69.508255,0.16607117419381584
40.61873861150452,42.611801733820954,18.528233,20.018707,17.355865,1.7926977737941865,7.790235,0.16628983344938475
40.4643681272201,42.60018956842297,18.24337,19.687332,17.104107,2.162595795917436,12.314203,0.16675325541483482
40.69340651984782,42.653121296281796,14.764707,15.290332,14.073224,2.023492021579548,64.480515,0.16696305032800718
40.340061548597724,42.864431433266354,15.633217,16.697002,14.6116705,3.1117834397089,64.62449,0.16772762763555626
40.42003416450542,42.91306076131212,12.99346,13.337569,12.483045,2.0152366446091214,101.74287,0.1684334666317747
40.2912623860121,42.764821000628636,12.516885,12.798105,12.076083,1.9872160496798923,94.29798,0.1685474178682464
40.72759656985322,42.68629636342653,13.161585,13.500755,12.650908,1.9540674387865575,61.640896,0.16960273339112383
40.71435789074916,42.66912798118419,18.498636,19.890438,17.32724,1.7741704708267554,7.043928,0.1696883868262556
40.558234643918944,42.9300118398751,13.831642,14.277981,13.218073,1.9600979168661543,99.86756,0.17053500127298396
40.73868964981036,42.82367252231756,19.634098,20.806852,18.451294,2.7012373421162774,5.8705196,0.1714809461895709
40.61113085557738,42.92012746945863,17.95323,19.427443,16.799469,1.87479753942036,12.18894,0.17171568163936646
40.71954544110837,42.852455704186,19.173986,20.79272,18.061796,1.634749290500185,4.592377,0.1717462470667571
40.433130556611054,42.60250017463232,13.57824,13.75977,12.813842,2.047380103123134,71.75774,0.17175021188830394
40.31518051036623,42.67962110765889,18.19497,19.562885,17.04293,2.1135243685147294,12.482538,0.1719208823775844
40.385978372380684,42.90308764164573,16.800522,17.759146,15.8385935,1.8094826750766468,19.376585,0.17252793973006755
40.74812573987147,42.80652913300375,15.160947,15.926291,14.29899,2.088476429259795,43.986816,0.17275622892100267
40.28954840730889,42.728803197477596,17.39315,18.749039,16.165249,1.9027723041532232,9.775505,0.1729830536095773
40.477869145236795,42.59156179256091,19.27563,20.672123,18.064726,2.3359507255693037,7.2023926,0.17304100982104945
40.333505967104585,42.656555720287514,17.68755,18.914864,16.601196,2.106417851568679,16.643072,0.1731932474016833
40.75552718717754,42.77928151629797,17.44958,18.710766,16.335531,1.8271374734354526,15.818617,0.17320304957434057
40.75233131477171,42.72828006193414,20.228462,21.213118,19.055466,2.469449754935999,3.2141707,0.17328556646919843
40.3179649962262,42.672910790794184,19.424456,21.098888,18.148819,2.9923549724151712,6.3924084,0.17347018053530294
40.48336910650885,42.93307582043805,17.21027,18.17338,16.236084,1.646571030702938,17.391989,0.17355919648681142
40.729880321848576,42.84467362174149,18.185257,20.30354,16.86885,2.4911061393681213,11.338806,0.17440278514494545
40.61623737371204,42.92184332818969,18.555473,19.856825,17.444902,1.5590438284723598,7.063511,0.1747649513425248
40.2827940335124,42.76622485205507,18.0252,19.67639,16.8308,2.0618450191177047,11.531624,0.1747922823248626
40.47186716983233,42.5906120179165,15.837494,16.679548,14.924302,2.100012890625316,41.177765,0.1748293835047504
40.65126276004648,42.90872545280298,14.711479,15.248951,14.042176,1.9868020497431433,68.85097,0.1754115135070202
40.75831229039223,42.78170026034784,17.010378,18.074791,15.973479,1.9922282787429282,23.723799,0.1754928881185905
40.54504478663565,42.9365045638399,16.425102,17.345999,15.503498,2.0471230130173175,31.793577,0.1757059626008893
40.43759431977026,42.92668786507006,17.560513,18.811499,16.478045,1.8709609466017403,16.29586,0.1759057250591041
40.661235280943686,42.90541838184023,17.802137,19.332422,16.642632,1.9107591490769766,12.072111,0.17680779364118104
40.31784413003535,42.66651367084078,20.027227,20.850906,18.799263,2.4476517987908295,4.1753817,0.17691122656584354
40.400772165500264,42.9154670489726,17.817114,19.110563,16.70287,2.0255302223981992,12.207694,0.1771738911578705
40.56163834886323,42.586598250795525,17.843945,19.227465,16.800453,2.114675633576341,14.921785,0.1776573448048653
40.33702218117344,42.877885124433575,10.316044,10.365444,10.212776,2.0369229880147635,76.09372,0.1779607517227398
40.75216902432639,42.815275796558396,19.657757,20.66102,18.276611,3.150359880769685,3.6085181,0.17804584851183786
40.76358678177105,42.76139638678366,19.590008,20.943804,18.293434,1.5820370912908863,3.253379,0.1782507754478803
40.37502285843897,42.90529505563228,17.242525,18.347036,16.19188,2.2847210207305624,20.904882,0.1790189715328467
40.74717390745576,42.69486924950408,17.42172,18.55062,16.360598,1.8294793372396896,14.909751,0.17921657314833525
40.5922979221419,42.59010433688697,18.685804,20.448864,17.407053,1.5738973680837998,5.6420774,0.17946634815007356
40.38657036140127,42.611638685951306,12.238305,12.531161,11.780188,1.9437041280143745,92.49571,0.17959356465272208
40.643016352576076,42.606153000426836,12.2546625,12.579586,11.763397,1.9988231577534128,112.17788,0.1796285175732098
40.72206189017312,42.65952373311181,19.796072,21.206276,18.499695,1.780557059234967,3.0622063,0.17974965188534764
40.64245185785049,42.91776125685593,17.773836,18.868896,16.730186,1.6927921755175805,11.423411,0.17975578101607873
40.535741115315616,42.94113428847775,18.691053,20.112528,17.591911,2.706969510636539,10.553385,0.1797683106048194
40.434172778022976,42.593298141132145,16.757277,17.746405,15.781689,2.0000440598353038,24.177624,0.18004212844424394
40.65284156247615,42.91362559271456,10.393398,10.482252,10.225018,2.0998544700655466,75.272125,0.18015610145855468
40.275804201616864,42.77249208299893,15.219478,15.831378,14.474591,2.067427989548027,47.092674,0.18017972821936687
40.5606052025661,42.93958024444524,18.68468,20.176403,17.529108,1.6915000689289372,6.8606815,0.18025811631994776
40.58400430832519,42.9360158627077,17.915535,19.259832,16.815647,1.7491839303934158,10.279211,0.18036975242322914
40.44443222681221,42.59019666351003,19.061913,20.72949,17.82,1.7460115126583824,5.70129,0.180459707398085
40.424430686934826,42.595573474378085,14.415596,14.845737,13.8078375,1.7951103503813968,46.13458,0.18060284806268773
40.61749626047037,42.92874775598274,19.725769,20.9888,18.47012,2.7026413751180174,4.7788787,0.18146992008516258
40.542930145908024,42.5805863660531,15.631506,16.353725,14.815755,2.0403174645472735,41.952587,0.1818430740904335
40.46207975189359,42.58486372849348,19.44955,20.575832,18.396534,1.5205843765881977,4.0733213,0.18203011750017337
40.66837796600826,42.90969189613191,16.739763,17.861683,15.665534,2.0453591445604187,21.563982,0.183338799330999
40.277659085267686,42.80602869805439,16.141493,16.963535,15.247815,1.9228268296557591,34.006767,0.18386972551848965
40.77023132713434,42.7449221451878,17.415867,18.619286,16.337008,2.1268615146932266,17.766384,0.1839200514348004
40.759818190685046,42.818600904696154,19.103542,20.407875,17.955462,1.5185945840961206,4.5544276,0.18440116690205624
40.29829109837519,42.676029318941985,10.826809,10.932612,10.631092,2.0621730284920248,78.92944,0.18456332717398793
40.270665715419824,42.78097950394441,13.281444,13.631559,12.764385,2.00484737853007,107.42761,0.18462530460600063
40.28191807441992,42.70403884271593,17.851044,19.193289,16.751297,2.035558126472643,13.642947,0.1846962164284045
40.27212547871047,42.79196386854947,18.180367,19.339964,16.867393,2.28122102731118,11.25449,0.18502007722279648
40.64752616782249,42.92181994678733,17.223831,18.340775,16.161234,2.011756397174352,20.06895,0.1851283358791049
40.29587346599165,42.678152536653414,9.5116205,9.518603,9.48287,2.0101669085487806,49.517456,0.185168272951265
40.34639928427562,42.62796770938882,19.568398,21.228865,18.338356,2.43026097484754,5.6057982,0.18524168329695384
40.74108932702245,42.85285055562973,19.183493,20.70749,17.905119,2.6693450225213486,7.6186147,0.18554629143743134
40.54173996696371,42.94678773157763,16.783598,17.7985,15.814622,2.0920186978773794,27.47588,0.18572322091150886
40.62097459495624,42.590847002661796,18.398344,19.487608,17.374544,1.6555241357476256,8.132981,0.18605038192220538
40.631836182726936,42.59322449331372,19.742489,21.349491,18.26348,2.9293586489527175,3.3097162,0.18721035457831253
40.459436944830934,42.94343950840215,18.85444,20.27541,17.529913,2.2793047213867332,5.9518514,0.18722433062731858
40.76626057002843,42.70401484726277,13.07096,13.402126,12.541521,2.1154578050758115,33.459763,0.18930022678181332
40.469521562179494,42.947853915990066,16.188585,16.969515,15.322068,1.6669490403661744,28.941553,0.189911489605563
40.69398274883187,42.90351769727358,16.979767,18.09455,15.931286,2.0496156692282472,21.262234,0.19037285801934734
40.55336771808891,42.57249563218761,18.1742,19.656395,17.020687,1.9723172710888246,10.022819,0.19071381154113495
40.26045555583908,42.77309101404294,19.467386,20.737581,18.316809,1.5236932836655288,3.3954546,0.1914621991424855
40.722992692258806,42.883125279776884,19.454834,21.057152,18.172388,1.6672079716467625,3.9625728,0.1916696766013959
40.2737305891878,42.82456668781587,16.735615,17.900291,15.650656,1.9023032170307264,23.126255,0.1918924627703346
40.309848881718246,42.87596707865678,19.5146,20.894373,18.302309,2.3815946982202494,4.5243635,0.1923526434073234
40.46377910198611,42.57354520118761,14.707891,15.228885,14.034217,2.032442463709162,67.94047,0.1927696139944543
40.544365877676924,42.56917630506879,17.271309,18.424961,16.224787,2.0136078167366476,17.60674,0.19330196730239946
40.664291437384,42.924364701743244,18.114737,19.47134,16.98175,1.8900839066237367,10.526577,0.19372420406038557
40.278147544545384,42.84013853018889,17.55576,18.91103,16.64187,1.8639667836624678,16.41661,0.19455165131016228
40.764167260658965,42.684980854280205,12.170692,12.421555,11.763856,1.9434241983200014,97.973885,0.194552166184948
40.76916770391486,42.82981240685675,19.962738,20.870739,18.857033,1.855033125135402,3.205843,0.19455934949221862
40.75269556100661,42.66637183922749,11.793739,12.056119,11.374997,2.05371227390877,29.380358,0.1952394199046273
40.35887156324001,42.9172104474892,16.109577,17.022284,15.176796,2.360526451096171,37.749733,0.1956570651177696
40.756412537551014,42.670414377483816,12.779994,13.084716,12.311523,2.0101748394550594,94.665825,0.19570437176931552
40.38302122585757,42.5941983762386,8.479797,8.497431,8.402611,2.2011917720418475,62.079304,0.1957466494783064
40.25470739976209,42.74885555998591,18.124256,19.601685,16.945238,2.0985421805434976,10.330142,0.19580280911886314
40.25411321545478,42.753621608518344,19.36206,20.590174,18.2925,2.2054104047744545,5.095047,0.19597639207428855
40.255926073661136,42.73407390545496,16.7989,18.023823,15.698803,2.7918401338062413,36.505844,0.19646149657672485
40.285815882048695,42.857751035187654,11.688111,11.90355,11.326025,1.9980871318899744,103.41947,0.19734056268344766
40.685510098143524,42.605844920603225,15.652713,16.3541,14.843521,2.081431185343114,43.35017,0.19736010495319528
40.56731424632271,42.566924170026425,18.042118,19.552069,16.89829,1.9367353070619409,12.1051235,0.19775618546491805
40.258736905699244,42.80964946039356,19.671438,21.13631,18.409733,2.877686668445677,5.6133747,0.19821499630991266
40.79108634086326,42.76631399029992,17.931028,19.245808,16.823599,1.9343356967479546,14.053195,0.198486035895157
40.45989899986304,42.56750182512665,16.84306,17.630981,15.981705,1.5006737286191922,20.540838,0.1992947573356694
40.60702627561813,42.95155881179623,19.00218,20.345095,17.780066,2.5873174739983984,7.9962606,0.20010425967365572
40.694981970433204,42.607743889074634,20.141485,21.721373,18.852327,2.03262509891829,3.0534992,0.20024179999425049
40.257857988464266,42.708776541810714,14.750699,15.282162,14.067313,1.9687886733219673,62.457058,0.20025017684973503
40.253470422387196,42.80509632607393,18.208376,19.63994,17.0647,1.9935243783016086,11.316838,0.20094219689093848
40.70714834937175,42.909033288474255,14.335514,14.848171,13.673941,2.1329134869080693,89.10914,0.20094923636330325
40.45799972551483,42.56609870254967,19.508738,20.844343,18.269503,1.9065995316873412,4.852035,0.20097865908449672
40.28969553310517,42.86978093836713,17.570581,19.224073,16.34377,2.804374566590981,20.42283,0.20104776069591798
40.251469210562114,42.79836070633926,18.441317,19.939833,17.210058,1.566722375256761,6.4921794,0.20105043505454098
40.462285657281235,42.95827099628955,17.396017,18.723442,16.280647,1.5355048001514346,14.144463,0.20119612331437933
40.72502303923472,42.627202374160376,14.501566,14.785314,13.528512,2.0253169902246593,41.344894,0.20154291067898994
40.67174243716007,42.592952926955455,18.739056,20.045515,17.550154,1.541251106541213,5.949677,0.20196521264194506
40.36526412451985,42.595029552017714,14.506931,14.953867,13.89872,1.7639593023082736,69.74693,0.20212341198793593
40.754549939459785,42.869686730742636,19.517336,21.072731,18.267544,1.5850206475597135,3.6167953,0.20263663557501482
40.276523256947144,42.6666044071683,10.904861,11.026263,10.679434,2.0153986549675182,69.091545,0.203117638299327
40.595644170347384,42.95803674898832,14.32398,14.76984,13.683784,1.9096037257816987,23.455353,0.20385772822020445
40.4827081164954,42.55901784391372,18.714008,20.421118,17.472841,2.3285985049882556,9.9176235,0.20460873358805517
40.64434880707109,42.945291402328834,18.203573,19.425953,17.099962,1.808853434143817,10.51407,0.2047174901141471
40.30312643532739,42.63385232837871,19.041985,20.546759,17.848127,2.9119129382951403,11.761575,0.20478692013370942
40.50380898348476,42.557101884541,18.080725,19.443481,16.963598,1.7364555219113729,12.117089,0.2049793062141835
40.40026515511629,42.57620975912198,12.740707,13.082998,12.225086,1.9332200710340506,42.238625,0.20557569335505296
40.24150565335004,42.77934563181256,12.413757,12.717123,11.942617,1.8778898875519336,58.009453,0.20578205281846512
40.71714553506432,42.61364684942218,14.043187,14.274949,13.384623,2.050829060862422,48.09622,0.2067598454970166
40.71619069024371,42.61278138330459,10.327607,10.379354,10.225824,2.0077021741890118,50.690056,0.20689329920516072
40.37479923347152,42.93906667500384,18.701788,20.246412,17.517235,1.7043116055222465,6.6096087,0.2071617800790316
40.26549342593051,42.67330630853608,18.666353,20.190718,17.484728,1.5872433360806935,7.1334453,0.20735961259484806
40.799922447026745,42.79492339602148,19.743202,20.755238,18.465027,1.776540476375734,3.3870718,0.20754852357262904
40.49849542654835,42.96902754742964,19.522375,20.969933,18.339304,1.545478191349819,3.0560703,0.2079710931322445
40.4484005363109,42.96319623371224,17.98563,18.939388,16.708492,1.7748708053424755,10.840725,0.20836730671177994
40.246810211828894,42.82120667802223,11.258285,11.580577,10.771541,3.1468555300588896,153.97948,0.20968315944263174
40.75688084039159,42.64321528778,14.9134,15.462412,14.2142935,1.963240425166265,55.544254,0.21009088012483657
40.61003027545652,42.96149473099166,15.056034,15.573182,14.38431,1.577494363250632,51.99069,0.2102280295592764
40.50548838056851,42.97197955800629,18.468468,19.861557,17.331614,2.1803243699319794,10.087851,0.21057881032838735
40.39662320033702,42.951632467599566,11.72138,12.005573,11.275221,1.9980667089761344,116.15478,0.2106194309895319
40.740685000859074,42.89728619060797,19.082544,20.484104,17.935696,1.8945730498825957,5.178475,0.2106848550826178
40.23753084965783,42.79651023392942,12.333059,12.854271,11.660082,1.4836785557578733,85.8079,0.21080704466487438
40.240665710276815,42.80879541356111,18.679619,20.185871,17.478857,2.7997258327715278,10.152417,0.21091694486537307
40.50514216203173,42.55046841065378,13.632484,13.941005,13.097723,2.10910447032567,10.220793,0.21154523428407188
40.40650448244638,42.95598464380695,15.260578,15.876949,14.508348,2.0245674402167606,54.646004,0.21157967980428863
40.75978673853388,42.88136557413298,19.99443,21.08706,18.83285,2.578130112123489,3.5358658,0.21224186268661882
40.460397431620194,42.96943518500398,15.879727,16.6447,15.0260725,2.0088410652129203,45.213737,0.21240038778160425
40.23555714861715,42.72614416815168,18.863314,20.574121,17.613405,2.0534317259633426,6.625941,0.21247675066606142
40.4041352904385,42.56699746610026,19.145407,20.088966,18.131704,1.659522311475063,3.1639068,0.21276418599593297
40.23109465947954,42.76769616698545,15.973953,16.708942,15.141112,1.760233804286779,31.05695,0.21277110035261726
40.530786065946415,42.548999340180046,18.267576,19.703014,17.12377,1.9138595339357463,11.42353,0.2128274123814185
40.33920152697953,42.59566780611834,14.89083,15.436854,14.179048,2.0214928717050618,62.022533,0.21304992458165048
40.515265149324506,42.54847780629047,20.25515,18.102755,18.648829,2.242163746606277,3.024359,0.2132610453699256
40.39533840710323,42.9544709583783,17.236347,18.24894,16.239096,1.473527048199741,15.562969,0.21358559953320908
40.74829233621602,42.89526362401642,11.1779995,11.337071,10.902992,1.9906819186773996,83.245895,0.2137173846406643
40.42652457918595,42.96426906526679,17.374638,18.73204,16.268387,3.11025261239273,29.16889,0.21403113519484956
40.710440498827076,42.5985683107526,19.07431,20.35824,17.942759,2.614098536611484,7.851817,0.21458844175100633
40.5164078186579,42.54705777052139,9.900393,9.935472,9.818815,1.9696612487300673,70.62268,0.21466653474574246
40.48549516928015,42.975253712862155,19.631243,21.159101,18.42976,1.9996211116233875,3.4367094,0.2151156156638534
40.483107749487296,42.97517503401692,15.644025,16.343237,14.7625885,1.9816184361560318,47.59029,0.21525507032068825
40.76603860643178,42.64360221118277,18.075123,19.504026,16.923811,1.8680157472677823,10.5391035,0.21546901876064062
40.42467386399409,42.96580770782197,15.232414,15.880147,14.467288,2.0448436659055913,22.788677,0.21592649820310358
40.271808847427636,42.87730644463466,11.85847,12.090599,11.477454,2.007449286321075,95.62848,0.21614855970714442
40.283852939457155,42.63244221726485,16.720945,17.895937,15.655705,1.995475209931119,29.312517,0.21687246226460086
40.79849614919585,42.83653880552281,18.66152,20.326342,17.479078,2.1345593066822235,9.625032,0.21706599293948944
40.32715932934461,42.926434996568226,19.122557,20.58547,17.871836,1.815388155071793,4.8918223,0.2174753191629851
40.7003186550451,42.935050293984794,17.33411,18.441862,16.332834,1.531081296806439,13.620667,0.2176529884945307
40.37586588177348,42.570986267896224,19.637062,,,1.781238542652241,3.5820749,0.21847027530209184
40.80122036572012,42.83554975945051,16.369379,17.248985,15.426815,2.1262187383350395,30.875183,0.21860883374329332
40.428830639939704,42.5537875474481,15.313991,15.953102,14.540708,1.9450130813139048,48.622784,0.21863701595218024
40.39748189561578,42.96094487139231,15.573511,16.267857,14.769034,2.047494652309309,47.341045,0.21879049917465548
40.81711733045658,42.73732267789053,18.553762,20.096281,17.38782,1.7155858235652888,7.1340756,0.21895533572063336
40.40897355060792,42.96543711254513,17.629976,19.009909,16.460318,2.266624477629269,18.753769,0.21960696531973387
40.676341026987615,42.94970398310297,11.88558,12.178137,11.431902,1.9339510688542585,87.65094,0.219878460535133
40.624357315023516,42.96820131546937,19.552979,21.115658,18.371147,2.071128926117264,4.321759,0.22000926977680121
40.52645956345306,42.981804605950735,18.202251,19.58651,17.032185,2.0593463802890235,11.475535,0.22014368375351556
40.22890596955452,42.71148301065401,19.171303,20.544836,17.961128,1.7622733453925132,5.3845816,0.22019325710811066
40.33018485556168,42.591261382113586,15.976299,16.78615,15.079258,1.993257050005751,34.141632,0.22065397077060497
40.799303280241524,42.84966175669652,18.681187,19.74814,17.661327,1.476308151053312,6.532996,0.22245649994492078
40.55075728629849,42.98312016813437,12.915262,13.240905,12.427108,1.989234572754657,95.3672,0.2225059607773277
40.65412291572411,42.56192420321695,16.904562,17.76113,16.006666,1.682631847049089,19.372894,0.22253630855199366
40.805186403432025,42.83935502022123,19.691704,20.765184,18.693897,1.5686800906857226,3.4165618,0.22264244347682155
40.77316266482016,42.88559799206257,18.940857,20.44301,17.781517,1.6444025107114852,4.5238748,0.22273501111724267
40.396177651356716,42.558579806015594,13.879381,14.37668,13.22169,2.048944398456745,89.66575,0.22283780748470122
40.82517564365485,42.77701192968744,13.758866,14.166346,13.185089,1.9964569626796411,107.11332,0.22396398666027215
40.215448108767994,42.76361581082874,18.611115,20.100418,17.384907,2.2953636406942843,11.267111,0.2241890339517989
40.74622552641498,42.913337136993384,19.93743,,,2.415447388317899,3.078711,0.22431719754367055
40.80472825443196,42.678719901719354,19.43875,20.739775,18.23304,2.3158090768461754,4.7766366,0.22449396244023456
40.74334738928163,42.60700040316799,18.885824,20.339748,17.673328,2.1154992605860885,6.7336245,0.22515564850102354
40.65093807066763,42.9656605476418,18.794586,20.505045,17.593796,2.387940840162532,8.87108,0.22516374446595272
40.63104819514188,42.971964936976114,10.633576,10.727826,10.460437,2.003101336376261,65.73938,0.22525709439411443
40.281497443718116,42.90309684229013,19.000051,20.982645,17.754686,1.730678601574191,5.4520116,0.22536691120681898
40.33062392033767,42.939486204993514,18.957666,20.577559,17.765863,1.8359527788054943,5.9548607,0.22593548521618145
40.69086828009418,42.572805563883044,12.143665,12.431266,11.690522,1.9556030482247615,78.00553,0.22653685115345282
40.443197138027266,42.542181233173885,15.848109,16.602596,15.014005,2.0728795126883943,43.394375,0.22681732440526384
40.79158393006898,42.65040467008923,14.536208,15.110193,13.823201,2.2996653483405054,79.02114,0.22799357568956946
40.71146160013839,42.5816615354785,11.209997,11.3774805,10.91938,2.103005219975325,78.347694,0.22817822889785802
40.82943681622762,42.79051344374283,10.509699,10.780496,10.075325,2.8984843563540585,154.2282,0.2283683449536532
40.56132664545132,42.988142481247294,16.847786,17.882273,15.864917,2.0042751115068516,23.830296,0.22838182535342036
40.25408454163616,42.879577700738146,14.557093,15.0574465,13.89773,2.0025533527414225,78.898796,0.22840069185174938
40.47211895380039,42.536098315732985,18.478256,19.909113,17.30101,2.3604593159075895,12.730417,0.22842541955124746
40.20961482076124,42.77182202894576,17.734083,18.704992,16.785086,1.6625042352210857,11.896849,0.22867248062045142
40.48766550774776,42.989631290054014,19.373259,19.885628,18.770704,1.5506015256126042,3.6094952,0.22922104269182475
40.828914042236605,42.72461479558297,11.4165125,11.589207,11.118568,2.0332781131049495,79.7661,0.2292987384650067
40.263432977967355,42.89251261943325,16.032133,17.005383,15.055948,1.9967326093859046,38.669838,0.22965268141302655
40.245588245880946,42.87124754344295,9.62571,9.635048,9.571876,1.607416163831,22.284187,0.22968463679903514
40.581414811765534,42.98750339453937,19.58729,20.856773,18.48852,1.4441595347603293,3.1976318,0.23013128855249448
40.38212044201208,42.55536529228451,19.042124,20.349722,17.924837,2.1840648179324087,7.1953096,0.23016308636790567
40.255659844090566,42.63841832842713,18.038921,19.410778,16.902798,1.8500295616709783,11.980038,0.2305793362541615
40.30338709554264,42.59547480888868,19.92553,20.703497,18.62262,2.002039098240522,3.1423376,0.23060348204977582
40.32933129510541,42.57903596316195,19.88035,20.862299,18.596159,1.830933349127488,3.505047,0.23061910077847717
40.59122703821641,42.53692981577366,13.941457,14.454343,13.273159,2.0023396974583494,80.40611,0.23066181414195253
40.24294551497592,42.65384762069905,18.770958,20.405949,17.60325,2.0213781102495103,9.293621,0.23090901669357372
40.20690605997199,42.78193570174987,15.375248,16.010246,14.605511,1.9370480741295586,47.53735,0.23130495551616376
40.59304962713891,42.9870208461879,13.637094,14.05937,13.039965,1.9425963951792407,23.097164,0.2314583256176272
40.20697685442032,42.78722195136971,19.319975,21.077002,18.113659,1.8696230646518779,3.8113947,0.23176581351038322
40.83500225988969,42.73953318543606,17.864456,19.136017,16.741627,2.0141854614648347,14.546431,0.23178575400893173
40.54287617816867,42.993302102592274,17.04504,18.103716,16.020435,1.964122172676609,21.463083,0.23216642505084048
40.73760917277538,42.93111669009288,14.191645,14.545905,13.671915,1.4426481446425223,60.165203,0.2323149052762477
40.21780872508172,42.69384229045775,12.243194,12.559283,11.761474,2.039977936204823,99.40585,0.23268729093734383
40.71786616275009,42.57878540501894,18.608313,19.87479,17.532812,2.10273887938069,7.548271,0.2333507696866372
40.71191284850943,42.94835088151929,17.536572,18.736008,16.449635,2.212373157613528,16.585758,0.2333808323088933
40.41768750577448,42.540975383239385,18.405798,19.850033,17.246935,3.1612209515376395,18.573257,0.23338973648645686
40.83239198248162,42.71536892256064,17.733393,17.862146,16.88908,2.8035465394935777,5.58808,0.23349395946727092
40.47607202431837,42.99322730030375,15.712455,16.438549,14.895081,1.9716654219775243,47.37862,0.23383589556417975
40.20357886255163,42.78836516293136,18.304962,19.582056,17.234125,1.7084725497858242,7.4823885,0.23437021474710457
40.511799345968036,42.99605120182791,17.60302,19.002327,16.451128,3.1557078816560034,24.638216,0.23444399721991832
40.73708588338119,42.58938583693134,14.223562,14.675576,13.571535,2.1683867947558877,35.830822,0.23447306948267696
40.70966311504887,42.57231071364426,17.194988,18.268183,16.076738,1.8527029485905486,12.50005,0.23484816783319284
40.49401332029117,42.52729721078289,20.278057,21.65367,18.952362,2.930023884530944,4.1378284,0.23522944958414677
40.81445467975544,42.66674552374331,17.593695,18.768261,16.369774,2.657253739054546,6.964428,0.23573155399655477
40.504492239589595,42.52620554719533,19.760838,21.192127,18.483358,2.7724236225518277,5.785117,0.23579977008174247
40.205931558596845,42.71515033645828,11.411712,11.660352,11.006561,2.0640384538223544,49.50998,0.23589644778776814
40.20455351189137,42.805660127510954,16.047102,16.841015,15.174515,1.988446695530124,37.00989,0.23622690148112724
40.256975291375724,42.62639101474828,15.894289,16.652422,15.04177,2.067540286665484,44.85282,0.23644965529840878
40.47773149814498,42.996104733295766,19.63949,20.991402,18.486458,2.040641261559089,3.2977188,0.23651982515152506
40.82095547660234,42.848338694185344,10.671714,10.76537,10.499682,2.0409765952611454,81.42579,0.23664509381709983
40.21127597911407,42.82915936941672,18.60906,20.005974,17.455994,2.881449510200514,13.356187,0.23693016784795823
40.19766745813042,42.76030380535068,19.735968,21.321886,18.487154,1.522144831917379,3.1327443,0.23724534001333847
40.389693812637724,42.97901854684984,17.764503,18.845604,16.701275,1.5681437589797989,11.422686,0.23761320046613305
40.21155223635412,42.68881721535669,16.088709,17.069647,15.100976,2.4724881690336575,46.23251,0.23858281801576162
40.23819821034845,42.880097843448326,19.046593,20.601368,17.797197,1.6935109737847438,5.2011037,0.23871390819931518
40.83807263204978,42.8156330578848,15.487632,16.199738,14.534596,2.399077586995926,7.6956186,0.23899969263322185
40.84644746033461,42.753522745885924,17.665575,18.755344,16.611717,2.085847397210928,17.854477,0.23924053440478413
40.561900281842966,42.52390195258648,15.092496,15.756786,14.306539,1.6203280082600715,52.06286,0.2397122054109766
40.548626202460426,42.52160709666617,16.23009,17.081015,15.3261385,2.0076131839806677,37.451546,0.2409638637491424
40.84613375450422,42.796727429361084,17.528378,18.58892,16.555922,1.7440457531728795,16.608868,0.24134250245463948
40.73829363700029,42.94287411778175,19.751194,21.19267,18.393547,2.3975335619964886,3.9259205,0.24134458056115585
40.45335271548789,42.52541908918022,13.277042,13.7633,12.630681,1.8885346219926378,76.77008,0.24143344583068876
40.7807922938905,42.9099533441967,15.444287,16.110554,14.636463,1.4297187764767119,15.085498,0.24151139468091853
40.4228392458164,42.531178567461374,19.188107,20.606224,17.878656,2.5157982147223823,6.4957185,0.24152020233571744
40.67574773098513,42.975196853637186,19.354076,20.759827,18.161783,2.3965071808056297,4.449705,0.24182145218108478
40.389953608544545,42.539528227920805,12.093665,12.410558,11.62156,2.0249712388428116,103.00072,0.24211956760574854
40.79076252386095,42.90113779328405,14.936236,15.512254,14.216815,2.018166004218716,58.165836,0.24215379716402816
40.58939951174629,42.52443312514389,11.582065,11.795208,11.201904,1.6522191488920317,15.107492,0.2425734277416816
40.42610254457046,42.52931165566536,18.315247,19.621904,17.15405,1.6685942842097605,9.279782,0.24260300859201175
40.199085734157656,42.705534638013084,19.925701,20.96675,18.713993,2.1798472868106726,4.1010003,0.2428873438359705
40.287521193943135,42.936085457713084,19.671799,21.022526,18.48748,1.7264801299609251,3.0996344,0.24425575001784341
40.71560814651416,42.563532510072335,16.9601,18.069946,15.947227,1.9933677582672629,22.152365,0.24452370609116036
40.677059654091536,42.54532478552681,17.879126,19.173643,16.77123,1.965248270695399,12.476727,0.24500116631191857
40.85481056094904,42.75259927322656,17.501322,18.689941,16.410297,1.8983442780286728,17.956928,0.24541181980848978
40.51041998954882,42.51607244536417,11.251752,11.63851,10.69899,2.641386679626492,91.97881,0.2457462159093874
40.22497304700481,42.64679275016444,16.678171,17.620241,15.720869,1.9687935242926637,28.643784,0.24589255212511288
40.54797010242765,43.0072078229404,19.82995,21.096912,18.544437,2.6498213031978026,4.234925,0.24631367945209187
40.8561567764031,42.77415277126197,13.598755,14.012687,12.907712,2.0062924840528704,112.204185,0.24650337422496787
40.489470242643854,43.00733544871616,15.132378,15.764471,14.360632,1.8184906973608077,34.477036,0.24670580807559225
40.856796195907414,42.77292516998697,9.595357,9.608385,9.553337,2.094849559793961,62.497616,0.2469157674676377
40.735056193167175,42.57122244259779,12.769261,13.129801,12.2337885,2.551198366854162,56.122883,0.24718827197746907
40.406051564886525,42.994319340235094,13.810794,14.22242,13.238103,1.9871958543282955,76.45292,0.2473510344169324
40.79276975675854,42.90912847216431,14.5183735,15.006117,13.815858,1.9172794998235982,43.4325,0.24801328285221513
40.84892464230005,42.82382956678353,19.234467,21.038326,18.06358,1.9707669521887323,6.1191373,0.24866934428174045
40.85460598656219,42.71748513389231,13.111613,13.443731,12.614849,1.9780302510631498,112.55123,0.24911738152748186
40.348515034301855,42.97670908181263,12.330408,12.421083,11.560869,2.0770070698253007,33.66732,0.2493445999965198
40.711549497511605,42.968822593022345,14.507273,15.002531,13.842152,1.9935120127546568,60.398067,0.24989351564545723
40.578854582630065,42.51520066808227,19.12738,20.590193,17.96746,2.66962404452148,10.00668,0.2501716112324634
40.629373913293996,42.524444066498674,20.046082,21.351494,18.873089,2.218750674333607,4.1232724,0.25033751287105444
40.86247976781838,42.78137358580882,18.415323,19.677364,17.319658,1.9389510120375038,9.540274,0.25158616945165047
40.54573333963016,42.51025336097276,12.032698,12.274303,11.639281,1.9952530565845055,124.339836,0.2521147895918773
40.40506479406692,42.52437408643221,19.513565,20.626905,18.322994,1.5328498803425015,4.4825478,0.2521334190021079
40.344466399872644,42.545078025316656,13.989477,,,1.7965451165123545,60.399258,0.25247538125641217
40.66025827273834,42.53090261637188,17.860435,19.244062,16.715569,2.2224035669721984,13.448334,0.2525662896970131
40.343938541159304,42.54496432868977,12.207419,12.409099,11.687624,1.7861669519128491,106.84146,0.2527725569422345
40.395257944495796,42.526197725549565,19.881104,20.998005,18.79938,1.7577851800476965,3.8840592,0.25296056700978126
40.66617312189087,42.99132255728985,19.211527,20.35653,18.14671,1.503148413083234,3.954206,0.2531317009697268
40.39230285065077,42.52649424172681,20.128098,20.722017,19.011286,2.3691602385050445,3.4075022,0.2534869249992635
40.865478906852864,42.7458464133805,19.658804,20.88669,18.544827,1.6699368478808616,3.4176624,0.25358594190854805
40.83088319181348,42.649836541753885,16.980268,18.03474,15.983227,2.1908412710062737,22.310972,0.2538406727954433
40.41507387399274,43.003928661086476,14.760147,15.355278,14.00093,2.1511332152331133,37.630627,0.25431549455180635
40.326866140353815,42.9725869051429,16.654491,17.63177,15.686447,1.9413952243130457,29.398535,0.25431699285076464
40.44299366046271,43.009780832271865,19.913368,21.854628,18.641056,2.9749390057123524,4.214794,0.2545470140820978
40.52574034995327,42.50696322283522,18.270212,19.763124,17.016775,1.9761133982742585,11.728147,0.2547627046544823
40.19773303184136,42.66884806860577,19.06643,20.817978,17.794605,3.1026529780808016,7.469593,0.25488240138068063
40.63701746638103,42.52134861709086,14.454866,15.026892,13.74386,2.243338157357885,67.85215,0.25510260748782027
40.84176977940239,42.86006164061345,19.949207,21.092535,18.780802,1.950019509295833,3.0827072,0.2551823814124979
40.19807137482149,42.85699487546653,14.3525505,14.885795,13.582951,2.180135132410672,32.193085,0.2552179991718954
40.549050586455,42.50732681383707,17.962713,19.279232,16.812023,2.056059238867732,15.040229,0.25522083674784174
40.26770891694636,42.586624977076426,16.656704,17.825695,15.567183,2.149262562053271,29.529692,0.25549179389728494
40.74346660476304,42.56540578041262,15.812223,16.562391,14.975958,1.94735796296546,32.63414,0.2556190614648817
40.34137430270958,42.54238224774701,18.071438,19.021734,16.846952,1.8448088995098118,9.041354,0.255958568764277
40.20223968892457,42.657138031830165,15.458524,16.109547,14.669765,1.9770845874355507,51.29062,0.25637104603706934
40.28301711363944,42.94983411109724,19.648918,20.742277,18.560514,1.8586391647817895,3.4178905,0.25647353882263496
40.27957405036741,42.576299372858465,18.74844,20.265404,17.553768,2.7161185183713608,13.881073,0.2565794624357282
40.42057600648667,42.515271149344386,19.45142,20.904036,18.163385,1.7723343211913494,5.3024874,0.2572219165416276
40.85542670775428,42.68402402747102,19.240204,21.04374,18.005728,1.8520551080101406,4.686762,0.25781109867240826
40.175754950973456,42.81050047985745,20.133614,21.325747,19.01523,2.431135872298975,3.6824262,0.25788593804806725
40.3352294076184,42.981189888909135,17.05925,18.091764,16.044664,1.947708263372053,23.896685,0.25820939641763846
40.87270078079603,42.75646339143445,17.07942,18.429098,15.944009,2.6956653276588325,28.923199,0.2584236732572665
40.50942774734103,43.0203575111403,14.572471,15.145953,13.861985,2.2424003424205825,78.95875,0.25879166869545955
40.33294924088568,42.980900477786655,15.4475355,15.730558,14.822156,1.592212395754094,3.487116,0.2588485111347084
40.26639417604945,42.58277275002883,17.115961,18.49597,15.975199,2.7094110803420737,34.516632,0.25884857631744695
40.586921080018946,43.01620761223804,20.249777,21.264744,19.06386,3.1499067094001805,3.3064828,0.2590773022465806
40.27141685261284,42.94530446392871,14.307687,14.780532,13.6791115,1.9916229702194959,84.94202,0.25910267338087445
40.33457247473085,42.98244658161832,19.17358,20.414234,17.533445,1.8581412870843592,5.4426446,0.25953061888989404
40.723011950821714,42.97494852136905,18.867609,20.246284,17.469233,1.4777679946389566,3.8643904,0.25969126665455816
40.17315949004829,42.81021655093318,18.7638,20.362638,17.559866,2.1833439003039734,8.411287,0.25970394667447905
40.866678858020975,42.70496632482478,19.0092,20.474035,17.794994,2.1805189297369147,7.224554,0.26031231522405973
40.18877550680477,42.85453648667043,19.372581,20.95674,18.120018,2.163587037440617,5.448357,0.26067568184538437
40.8732922618124,42.794899252306124,20.045752,21.198345,18.751366,2.0404053663273394,3.0210202,0.2608459368201482
40.642758593195786,42.5167412304604,17.565723,18.601027,16.290243,1.855862564990595,14.181155,0.2608713563185436
40.16668103956895,42.78594595238816,14.562389,15.084323,13.880499,1.9545998876273367,68.93184,0.2610656930305481
40.86018863444347,42.68400630970884,16.648455,17.661238,15.645288,2.2712824741925903,32.958748,0.26115428488726955
40.86094322693219,42.68536313756295,16.200768,17.175,15.087843,2.572931716304917,21.20269,0.261281352161188
40.75390753087032,42.959386644798144,18.925995,20.36983,17.727943,2.2533622256074577,6.7406607,0.2612979437180124
40.629041928366895,42.512822581980465,18.626759,19.714725,17.573996,2.054975128447616,10.762135,0.2613057506786845
40.74098925222782,42.967715008048415,14.649296,15.176273,13.959105,1.985325588469018,57.439907,0.2617038769929408
40.23333751507258,42.60723322812878,19.995684,21.310204,18.773098,2.6601711770127126,4.786079,0.261750112104371
40.24865842644896,42.5926716985016,20.173271,21.22658,18.983475,2.6789259578766815,3.9142818,0.2619163008115031
40.34345815883014,42.98933214872093,19.821205,21.276562,18.701273,2.6625275912406927,4.7911067,0.26211915574497496
40.209576367270046,42.630994145009694,18.960838,20.353848,17.765429,3.181446033601978,12.6249695,0.26344667558880475
40.58009865695195,42.501195970919476,13.597763,13.977386,13.056587,2.0312880248046703,111.03568,0.2641319726709876
40.19472602946087,42.65047965114676,18.746286,20.046076,17.64266,1.6945507237432287,7.4968305,0.2641670451066881
40.595893862345726,42.503261099405236,17.367826,18.46429,16.30417,2.009831304523603,21.862326,0.26427814620215073
40.68716292613461,42.52738470469726,20.22903,21.103193,19.075586,2.535852304146606,3.7689376,0.26434524477871046
40.305120149982926,42.97365861160142,19.340729,21.196737,18.142038,1.8556999848404834,4.1713653,0.26441415456865913
40.7829570283367,42.57987826152896,19.391655,20.958422,18.144747,2.1010559694915987,4.7579145,0.26497730092209326
40.23045843403412,42.60462565617296,17.476921,18.90424,16.31999,1.9100345395821892,16.890434,0.2650024927137248
40.74981072173888,42.967067904147754,15.372474,16.058674,14.562867,2.0542315821651256,41.193756,0.26523921302513664
40.26727554602395,42.57250564931468,16.777006,17.640835,15.868144,1.4387153678318954,20.63831,0.26560468947673743
40.685635955953906,42.99845431521565,17.108938,18.289316,16.030811,2.8187365854600177,27.519836,0.2657863214135855
40.191416476385285,42.873037605293426,17.87549,19.189898,16.762848,2.128514034874575,13.631812,0.2660293978459077
40.60965147271852,42.50373196499104,14.511367,14.993745,13.868076,1.9656801043355505,75.614716,0.2661213668400536
40.79448191171005,42.936682551072124,18.111103,19.564917,16.96649,1.823678966693611,9.068114,0.2662305668794854
40.56179830761362,43.02639596383952,19.433071,21.09878,18.169115,1.7320327343807287,3.5301046,0.266394639348612
40.88343814689095,42.771486363111414,16.558372,17.377012,15.61469,1.6496107040512762,25.195955,0.26640166130531573
40.74824245747887,42.55401001391793,15.313047,15.961301,14.544851,1.8474905217761353,27.727634,0.26666892351813837
40.364132889707825,42.521212710082075,19.183329,20.408253,18.096317,1.6211099518146979,5.7076015,0.2666750388056683
40.43716010154698,42.50144772444817,20.194763,20.362719,20.349476,3.173380121028997,5.1479716,0.267428285462563
40.16110967146938,42.71973397497131,18.450994,19.828554,17.310005,2.2704028477707316,10.985996,0.26748065330656895
40.46494570693511,42.497368792723336,16.82979,17.84115,15.83365,1.975425101292039,23.139776,0.2675065418205741
40.48318965442862,43.02803324000077,12.291409,12.63466,11.737085,2.0249819223862175,72.512886,0.267754709314184
40.837917890253735,42.89560637219752,13.035988,13.428101,12.482699,1.4332552528956113,78.20096,0.26836556174628706
40.885242235054626,42.74136143848854,19.444143,20.891756,18.292427,1.4760702452854573,3.5633311,0.2683830708568199
40.288845471673525,42.969578695703895,19.797352,21.069921,18.579195,3.0813077406121354,4.149976,0.2685465760508424
40.6357404254023,43.01695128501213,19.317213,20.967993,18.10157,1.537740168773032,3.2793415,0.26878442404220976
40.15919351573959,42.71848397818081,18.429981,19.942253,17.271008,2.0292017467449424,8.870531,0.26907117573249206
40.651176105709396,43.01347706777231,19.939426,21.463743,18.67065,2.0833188527656774,3.0195217,0.26928929204030866
40.78389812378741,42.57410338755513,14.183332,14.610897,13.58998,2.044543034973294,63.605972,0.26947544127764633
40.6028067887674,42.49882029206438,19.137177,20.481054,17.987352,1.8621365099864082,7.281233,0.2697148617308128
40.45654693813864,42.495435094866984,19.022804,20.4442,17.889078,1.4362297267686035,5.899155,0.2704290889899024
40.467555064227945,42.49394005878013,19.20347,20.406952,18.017797,2.0972678314394013,7.397636,0.2706106618517899
40.376654946281164,43.01190066182145,19.45451,21.00778,18.228056,1.6769004136183416,4.3078713,0.27157842529821463
40.81868563401916,42.923138451774996,13.981523,14.375437,13.422032,1.7409436107116236,80.60887,0.2716035612769609
40.74316566698586,42.98012672966888,16.897728,17.739792,15.961017,1.880076231576061,18.711092,0.27252352160193083
40.54076304574511,42.48934780312355,17.156635,18.201605,16.088373,2.123111158130016,25.83472,0.27274800854579884
40.888162304659666,42.804475851857575,18.689459,20.07404,17.510681,1.7096564530575127,7.642135,0.2729903023864916
40.33578902436686,42.99909536685377,12.23114,12.492144,11.813961,2.0356315959605507,103.232025,0.2733790505506442
40.864095934702036,42.65595713875948,19.430328,20.566753,17.993406,1.6925437911868586,3.901888,0.2735235909070892
40.69853331325136,42.52043942481945,17.638731,18.99844,16.490274,2.060767929256063,14.8924265,0.2744088641737412
40.33617838837818,42.52323589412122,12.904662,13.2138,12.434037,1.4552282223357036,63.159676,0.274423953551611
40.88696152638495,42.70705470656301,14.705602,15.229766,14.026842,2.040381010229535,74.189995,0.27444348004385594
40.637824709504024,42.500490967801454,17.428677,18.602669,16.29108,3.2308957471775654,14.311384,0.2750328551514808
40.17828418911361,42.64974785869345,16.108852,16.930779,15.221478,1.9430173998368998,39.684994,0.2754711113748579
40.79087613467281,42.95324909714116,15.848172,16.73669,14.920765,2.4968939858221875,41.405872,0.27547500562661514
40.673126971807704,43.01363919049649,17.87727,17.687752,16.217836,2.5031702908990257,15.815777,0.2755534521546939
40.44417274866215,42.49183595250903,12.250598,12.697883,11.646609,3.0021253605355436,97.65727,0.2756907403459324
40.673975245407874,43.01374594677918,12.911195,13.270845,12.389258,2.387362861275134,98.87786,0.27590325479276634
40.24109283615598,42.577582362460255,16.640207,17.611542,15.65974,2.014164583788648,31.020742,0.27603574018062527
40.36955323661965,42.50883393140704,17.332212,18.420267,16.26895,2.3228168475523017,17.179598,0.2762644091858824
40.339539028891465,42.519638346731895,15.992989,16.77573,15.12539,1.9265160996544348,33.256283,0.2763564958968027
40.84133033036331,42.616874320941236,18.819103,20.356043,17.587778,2.6891788239501286,10.103456,0.2765557919231704
40.3489448268502,42.51562019147664,14.565002,15.123642,13.85684,1.7862755244988127,52.183456,0.27665519995947063
40.599811018124754,42.49094743076027,19.667084,20.753408,18.36679,2.6705774465959244,6.5552692,0.2769235148692783
40.57498510867542,42.487640928215725,17.75361,19.347967,16.595406,2.7575170544360565,22.633226,0.2769439607495112
40.3905431029648,43.02198116021773,19.375284,20.943792,18.182007,2.067498009558973,4.964925,0.2772244122614323
40.26382031341994,42.55865720033803,19.518538,20.95893,18.404726,1.747415150560824,4.4948044,0.277379444318813
40.149938758595034,42.70854025583186,14.183238,14.562189,13.634189,1.6102707888215981,50.783035,0.2775356093030922
40.8949195332627,42.71801016123594,12.450935,12.729602,12.00875,2.1968307506948817,118.77996,0.27822089104043696
40.37225292157907,43.018057720111905,17.221073,18.255,16.232727,1.6179671526510366,17.42729,0.2785036031403466
40.53970362226117,43.03995299221215,15.376546,16.03596,14.601106,2.074578539438721,47.402508,0.27859734451346646
40.14827424189719,42.7081594041642,15.742114,16.3168,15.008689,1.6654863144455119,36.134525,0.2788093629542623
40.88634014540387,42.68622124185603,17.586687,18.798204,16.108116,2.1600514846995535,3.032327,0.27894276420008723
40.1417932254289,42.78260449689219,18.8666,20.53741,17.687567,1.9316903622991988,8.040003,0.2789977364718047
40.152899427409025,42.69237152228981,16.043756,16.860098,15.167835,1.9393760324456382,40.13909,0.2790081325458608
40.18703318210733,42.896384931502624,16.166891,17.042194,15.252626,1.9495121987657689,34.494675,0.2793867498287605
40.239467613463965,42.57337301859373,19.369047,21.031948,18.150023,1.7178516523583383,5.2712064,0.2797486703396177
40.158646954545894,42.85192525932362,17.883547,19.208097,16.811766,2.519207186377715,15.795557,0.28059461425568405
40.307084057705026,42.99464209420341,12.221742,12.543959,11.732205,3.2002520857602352,206.48373,0.280693872840973
40.768189093303285,42.97638321573135,19.139183,20.70358,17.927471,1.7975655641589066,4.6645203,0.28100448511694265
40.757645563689934,42.98268817529991,18.047297,19.35568,16.622135,3.1645668349293543,8.183612,0.2810068651213546
40.7451015590361,42.98986270786775,14.434665,14.891637,13.81834,1.8726860693170355,66.580925,0.2812067404208653
40.2078280785811,42.92538721218147,15.69522,16.417425,14.866605,2.097724189252302,40.639843,0.28187261217599596
40.65994461338773,43.02459156212321,13.017935,13.434805,12.431404,2.0301821397539417,55.982964,0.2819642137131717
40.48448999788408,43.04279719251681,16.056046,16.714626,15.262474,1.5475944646945596,29.335594,0.2823527266965346
40.70756367350619,43.00980178713792,18.003115,19.391357,16.874472,2.2154493440906684,12.785378,0.2833384351299613
40.82372618699665,42.58645645993015,17.532211,18.618671,16.136564,3.005919986346042,22.141777,0.2833960553690903
40.270445265066314,42.977841817404844,10.596786,10.682315,10.436254,2.0562441717866555,79.27866,0.2835207851909989
40.35952402437974,42.50410245139674,17.29872,18.39179,16.25409,2.066800980584576,19.656721,0.2836101596238238
40.89459128278272,42.833991931831605,17.471077,18.675646,16.392094,2.6211339373309666,21.657515,0.2836384173043276
40.17860622237328,42.62942252271052,19.665068,21.110481,18.498205,1.4983935441255296,3.0943742,0.28416542299905767
40.455930945644376,43.04209288060541,17.327396,18.663578,16.217793,2.268069699737337,23.151466,0.2843907564509786
40.60940058021501,43.038626424342134,19.05249,20.90162,17.83978,1.8169744144091906,5.4692316,0.28443045897891056
40.75796047376156,42.53664771199603,12.420156,12.88918,11.794111,1.795835169534815,100.01806,0.2847385581994582
40.35369176327622,43.01916252159835,19.35806,20.62097,18.301085,1.5972182485431696,3.9204526,0.2850906546197366
40.90336111923476,42.8119428055424,13.868193,14.2884445,13.284952,1.9853830953746339,104.28901,0.2852162066031824
40.88983114611917,42.853271839777,16.604374,17.495527,15.6813965,1.818172752954785,26.256529,0.2858031373466531
40.13315549877266,42.79449080157693,19.262058,20.582907,18.10425,1.7102003134551507,5.1193357,0.28641004010580556
40.7768129408438,42.9792385480394,17.704607,18.8648,16.60377,2.133919269625011,14.967999,0.287276791932823
40.135007437104456,42.714310713390084,17.803633,18.8044,16.798033,1.443928135257043,11.577524,0.28728620926860277
40.298599520884075,42.52515387855125,19.12545,20.464272,18.079033,1.7879072293071288,7.1407332,0.28752194070423764
40.84788648989097,42.92090906754877,12.465562,12.761918,12.008484,2.0219579324343,114.149605,0.28786649702699085
40.87617651706301,42.884036551563916,14.693539,15.224597,13.997146,2.053920541116627,72.47919,0.28793494299095856
40.815250549861126,42.952295784037034,10.943948,11.060558,10.729326,2.003528641823075,89.970505,0.28795299108731176
40.27107007120043,42.53992297937511,18.774677,20.069067,17.553772,2.404752537909091,11.578369,0.28796103978276266
40.214923031762886,42.94243445127555,11.202904,11.373864,10.912595,1.9433230126532421,70.855,0.2880091366465249
40.46724226857241,42.47622599150851,19.553137,21.135042,18.332403,2.7690024562363447,7.8179164,0.2881816777415831
40.14832250611713,42.85475471910088,19.288483,20.959126,18.146133,1.4474396426267457,3.8640058,0.2886708468164602
40.613190437466926,42.4806181661271,18.966791,20.422216,17.878397,1.4315575076678886,6.216367,0.289186714624877
40.39602854634038,42.48706402818579,19.719017,21.005552,18.525757,2.3936533347054647,5.938417,0.28957479016217413
40.157350577090234,42.874824228166865,19.716621,19.726336,19.584755,2.9327835965243136,5.1188173,0.2896027937161072
40.568182714462054,43.049424848495335,17.872858,19.144938,16.809908,1.62666015723096,10.134144,0.28981051927923285
40.265073106115565,42.984910815981976,16.721786,17.688896,15.766542,1.6177165510703428,20.8799,0.29145521360228716
40.807770127706306,42.56040387239226,19.050343,20.215258,17.984974,1.4953711350131556,4.5070424,0.2916400435174958
40.463829785757746,42.472974156082856,20.12128,21.185009,19.121279,1.644028724551984,3.0364633,0.2917536912020065
40.52649432582279,42.46988587390396,20.142027,20.676743,19.175323,1.8246689503252638,3.1911917,0.2918442126599557
40.88317759470365,42.64207608270032,13.401648,13.813379,12.821682,1.9937684750647957,97.462265,0.29194158747976284
40.82775818359646,42.94866495088401,17.429764,18.605925,16.352526,2.0792681971225857,13.7332945,0.29255975961988473
40.28583780542328,42.525389678830805,16.614784,17.728678,15.514847,2.697981581735935,21.276775,0.2927695562720006
40.74367457175418,42.51872713082781,19.13205,20.68042,17.842947,2.2959059671569992,6.0919857,0.29311383254480383
40.155803609232066,42.643406401143714,19.391994,20.979116,18.110043,1.9702001460223364,4.806887,0.29315624345334884
40.386360907200455,43.037845483977165,17.17563,18.295366,16.126875,1.970102977838508,21.720755,0.2931810259815122
40.25504956374691,42.980917612920294,20.33876,21.304918,19.121532,3.1676520157197054,3.5904317,0.29323922270772823
40.17101268990199,42.61963164677304,19.898188,21.185392,18.7459,2.1917563241364975,4.4692335,0.2937428590698902
40.894308359642416,42.656027866475824,19.979702,21.396067,18.714886,2.722860100187615,3.9827151,0.2940975190820098
40.248740706896186,42.97810876251356,17.923746,19.146523,16.835333,1.6498171262485717,10.102701,0.29426154873771454
40.66867851462078,42.48821310187504,19.793098,21.017958,18.629826,1.8774707304150817,4.6989794,0.29433734408235357
40.39220157784705,43.04061944131231,19.526632,20.676958,18.41706,1.8308195039625066,4.040627,0.29439773040493966
40.19055414753104,42.59473153347745,11.365216,11.577483,11.008808,1.723303542655529,91.01184,0.29465925934652637
40.83083791552104,42.94974728105617,18.585985,19.760136,17.506802,1.7106677719645336,6.761621,0.2949870230138919
40.899564113159315,42.663839330474474,16.496447,17.475224,15.499706,2.0262069530279776,32.27907,0.2950059802763413
40.713693529497625,43.0207351455848,19.409367,20.80426,18.240023,1.75400305195379,3.9772313,0.29507836395129083
40.386906367808145,42.48311432629867,19.172237,20.894274,17.995872,2.494157074687632,8.156182,0.29549406252280525
40.32512452836846,42.503147442649,19.371925,20.726768,18.179186,2.398707835767075,6.5667944,0.29592923026316253
40.89805806309549,42.86671123969969,17.283117,18.40319,16.233368,1.906754693386568,18.157461,0.2959953738644596
40.177021185075176,42.91703682938925,19.20303,20.503555,17.968845,1.9312856624785406,4.808368,0.29609752750675594
40.40129364705608,42.47861044348293,20.084463,21.201986,18.524263,2.57397528623245,3.1508203,0.29643389063355813
40.126588626259945,42.697715567687354,14.390569,14.87112,13.746381,1.9856546915286821,86.46318,0.29655753064881707
40.92480297400995,42.76764380950032,11.460839,11.553805,10.761396,2.513755415323116,28.084105,0.2966575102393727
40.1221217535588,42.713915995000086,19.495758,20.680754,18.37856,1.4438509666094703,4.492867,0.2966889583222489
40.409629563547696,43.0470512216628,15.831308,16.53849,15.020927,1.765584350353307,42.4195,0.29674287137947875
40.75978209338914,42.52254901730979,17.936752,19.276205,16.821943,1.8212279970182592,11.637851,0.2968112385770578
40.579295863896945,42.46786833107428,19.192425,20.914564,17.948208,2.106932981370206,8.046893,0.2969683508660344
40.399594835660636,43.04511936671966,13.18082,13.518484,12.677233,1.9680284386159876,124.83625,0.2969998523088614
40.28850285279194,42.51850766942668,18.4896,19.84346,17.421288,1.5954588659483344,9.160319,0.2972261572577502
40.79877494678834,42.978261767644256,18.127651,19.16621,17.126955,2.0978615252567465,11.275851,0.2973276883413478
40.91192010844724,42.83993538920528,18.298578,19.839544,17.139961,1.9826833529616466,11.027224,0.29744565886611096
40.725017885167006,43.01902869158661,19.802893,20.995169,18.459743,2.731912727093484,3.8514366,0.29766520461154033
40.92629301107962,42.75325631780625,18.915556,20.455648,17.701426,2.711397695339552,9.984855,0.29784614012736405
40.884408562255466,42.62945508920797,18.220612,19.898315,16.994772,1.9717048457971098,11.042496,0.2981708507891336
40.925669470860335,42.788083149293385,20.19414,21.082617,19.20473,2.802561686044614,3.3620627,0.2983538558781972
40.13005029790641,42.6790438391671,17.154102,18.091171,16.218563,1.55138457106804,18.121168,0.29873565651952727
40.37753699284105,42.48159686682438,14.773165,15.298341,14.092858,1.9828606706418197,67.510635,0.2992838369561633
40.8996474736034,42.65179962670157,16.336348,17.164087,15.440749,1.8896407083134983,30.382374,0.29929754351745996
40.45282090796723,42.46634258962486,14.53509,15.134587,13.794708,2.043509187365005,64.87255,0.2995643100869291
40.40857628770594,43.04983917768595,17.89493,19.213078,16.795856,2.351995595375236,16.108213,0.2996350052984994
40.64131461877714,42.4751240162239,19.172022,20.760859,17.964403,2.3478307080859184,7.9273868,0.2999843826204871
40.59098620603365,43.05727584436232,14.068974,14.545606,13.440984,1.9021291237864975,76.30119,0.30001281011547926
40.837520913481185,42.5725605648374,18.638866,20.269642,17.454762,2.095455096706198,8.658607,0.30001563042668544
40.90367281704489,42.65722418777277,14.594692,15.088734,13.940225,1.9845310908661222,75.48582,0.30010813347074516
40.13363976257524,42.66597765032942,19.235668,20.607292,18.108522,1.7800553998544337,5.6937733,0.3001393455943484
40.75532179061141,42.5159876637686,18.6467,20.321772,17.392773,2.7499564273935504,11.452742,0.30023092431181964
40.22466861427087,42.5545828769484,17.869669,19.333635,16.691614,1.9198175243643212,14.871976,0.30054034705912847
40.12963595029277,42.67362833759285,18.418257,20.038326,17.264044,1.8894073187718738,11.41706,0.30058216620549166
40.11077155799222,42.761112261078864,13.861907,14.275927,13.2867775,2.0090926500987196,96.67004,0.3010379781908632
40.37318877489347,43.0428218505098,18.27117,19.670145,17.11152,1.8202516569836966,10.433809,0.3011992417599223
40.9233173193843,42.70336040932562,19.235373,20.612549,18.075962,1.6405215505366675,4.818404,0.3013613078414845
40.12763939519923,42.85040670344237,13.862307,14.268957,13.290341,1.9841809337356655,74.10762,0.30177715050817294
40.68436707988256,43.03893451838702,19.830788,21.1397,18.585627,2.032987856032355,3.2647052,0.3020190961897814
40.88505766141634,42.62149972024788,8.906607,8.891905,8.905225,2.054206111492026,55.103374,0.30222116891997397
40.12040333641094,42.69181796733861,20.181679,21.280561,18.992657,1.9389075132590936,3.1771636,0.30231780020181864
40.63477702477009,42.47052382771588,18.290392,19.681658,17.151627,1.8632850913825427,11.627044,0.3030161198084372
40.75619029757464,43.01164226093971,8.171811,8.888868,7.35401,1.6197326712068443,43.840237,0.30367270040799194
40.717333777042235,43.029461819951194,17.29318,18.33811,16.250818,2.33027509147561,20.085331,0.3040171263822963
40.61272654030416,42.46527163328502,19.09029,20.597927,17.8475,2.5668459475505405,10.72023,0.30405026177863825
40.31010219944472,42.499784344057986,18.794563,20.234762,17.612019,2.310545144636747,10.173022,0.3043518910446473
40.137272488620496,42.64575028257257,16.486593,17.354454,15.567511,1.9322615594622565,32.838932,0.30476156547862443
40.145811168619026,42.63152873964048,19.046131,20.411226,17.816109,2.3690629708637947,8.952528,0.30479429347883547
40.173829881402575,42.59445149046034,19.98109,20.902086,18.699797,2.500460002003561,3.9529326,0.3050235426058668
40.645183415348704,43.05327358205899,19.763586,21.175755,18.547865,2.2390960829965163,3.9280195,0.3054754185699188
40.603308323077115,42.46109650955578,15.702984,16.412786,14.882046,2.0183624316241287,47.033604,0.30667525820111463
40.78151105467559,43.00253298286605,18.311476,19.727213,17.167175,2.413149530103451,9.854309,0.30740136303524807
40.120140347422144,42.672733424887184,18.119867,19.278595,17.00553,1.4335610544374313,9.471029,0.30751896818817004
40.71742913249798,42.48978842440824,19.28541,20.678173,18.146584,2.299851493573282,6.545871,0.30800579753983326
40.102474406167,42.7901317239149,17.207132,18.468983,16.124365,2.6657852785964096,28.085983,0.30837060054434207
40.62373361022641,43.06082889525909,14.510733,14.998671,13.863809,2.2506060328574797,81.86848,0.30848278204388185
40.198821019610406,42.56355991632747,17.773048,17.91768,17.072174,1.8449247044109842,3.5763211,0.3087377271952901
40.101139434942546,42.78250397093992,16.785646,17.96721,15.723928,2.7273774320230473,35.745163,0.30875764409767403
40.898704651772704,42.89794804722367,18.834679,20.444525,17.635023,2.117255322753269,8.062589,0.3088256948291546
40.93467285679252,42.70653772373007,18.600637,20.000214,17.385891,1.9705602828220201,8.318748,0.3089579681212088
40.34001089146912,42.48206874072638,19.797012,21.368963,18.507753,2.1293505122837186,4.6738954,0.3096625791674157
40.94269101278178,42.77586464475064,12.227101,12.487108,11.810195,2.027942035198125,123.695114,0.31003358825876265
40.82771154869935,42.54911365606505,13.961639,14.38101,13.380381,2.0297527143208294,80.6159,0.3100649404426694
40.160851905202186,42.92454802382011,15.776225,16.484598,14.967254,1.494460491913391,26.220037,0.31011811590322985
40.10969697976369,42.83555285307973,15.889491,16.283031,15.23527,1.6954311360598375,6.012688,0.31055415193905017
40.92806836820356,42.67599387412991,15.766078,16.49734,14.939779,1.968800143492985,37.809784,0.31124890545815714
40.10737307052429,42.692656902056534,19.354292,,,2.5825733051412008,7.8606834,0.31144934169745014
40.33695703813339,42.4811445366307,19.740246,21.427319,18.470081,3.1143171605687816,6.4927635,0.31146723343298527
40.106760935821534,42.69256926863229,17.03134,18.059168,15.987067,1.9997880688635261,27.390537,0.31190745821410426
40.92139922559462,42.658511228209534,15.6954775,16.557817,14.73273,1.9820225739372692,16.053022,0.3119206372058178
40.63115999203747,42.460480408689,17.111752,18.223747,16.066675,1.5440277865337833,18.308489,0.3119776789194865
40.741386049622015,42.495044043720696,15.470714,16.09614,14.71015,1.824418212217979,39.93851,0.3121636011342858
40.34327348922106,42.47809666761896,13.164426,13.608582,12.562115,2.558226792989569,59.555855,0.31224385631082785
40.4234839088207,42.457544696979596,14.211067,14.67785,13.569583,2.0894176818836168,45.318367,0.31247442018496463
40.94433364536482,42.795137107022995,18.135096,19.457678,17.014406,1.8297127678449616,11.474982,0.31266040020856684
40.8827550534571,42.92731986962171,16.526356,17.680273,15.492599,2.6402856986018204,34.76244,0.31282493824892343
40.906022159835196,42.62841969417483,18.23907,19.72049,17.039795,1.8444562158024527,9.810893,0.3129293639538084
40.32584134011234,43.04056258403379,14.905822,15.640236,14.079327,3.0150346514387207,101.77408,0.31330453083954907
40.51101012717013,42.4482674787731,12.844158,13.1431875,12.382217,1.6500891083254432,76.14175,0.31351533824005595
40.43491624400652,43.06898227006618,18.49211,19.874445,17.350027,1.9720976679779145,10.267153,0.3136534749524401
40.11131585397763,42.67098225013017,15.971573,16.79372,15.067897,2.0014639898917186,38.968422,0.3142358938614411
40.37570066665446,42.46535262975794,17.353672,18.52966,16.295036,2.1608176106882047,21.293083,0.3149991989101127
40.880488111900185,42.59043059317786,19.520134,21.138702,18.296282,1.9874772866651247,4.582256,0.31505943420711613
40.2650492284587,42.508786879466506,19.496021,20.997293,18.170086,1.6741937212693074,4.7766685,0.3152230467228238
40.748336076962524,43.02939197659359,18.516485,20.228065,17.330242,1.9506067520389723,7.3851457,0.3153490309663953
40.57131921310074,43.075147875453325,18.460022,19.890965,17.279396,1.77722209172824,7.4325557,0.31562365912416945
40.268928711121,43.01803234173151,15.946406,16.742397,15.079708,2.0838162199711094,36.860573,0.31584788700211525
40.39195273151304,42.46021955638942,16.313755,17.131369,15.193067,2.7621384087580063,13.466397,0.31604211950745875
40.48091119385275,42.44681914595454,18.624392,20.06217,17.419552,2.2079878727862794,10.303698,0.3162466691046737
40.10019311763617,42.830801699811325,18.812487,20.641855,17.564054,1.775858006935308,5.961655,0.3162714187005416
40.4338772220267,42.45185435759464,15.301819,16.07712,14.447768,2.395293504532465,68.13052,0.31638156935604195
40.448409532799005,42.44981292081154,18.87756,20.516232,17.690983,2.017048500002164,8.754952,0.31640550286881
40.5677809156411,42.44708655725334,17.33026,18.440355,16.278835,2.302632459092441,23.630222,0.31650811901449205
40.53859894904058,42.44528563792609,17.667936,18.14369,16.337687,2.794278925333699,12.036253,0.3166854649491345
40.08987028115408,42.7780867076483,19.976118,20.884047,18.778666,2.1873896860469997,3.2789474,0.3167636028959117
40.581109045394726,43.07538117173496,16.518229,17.58559,15.497991,2.68767816363488,36.493416,0.3167751045072434
40.74552015632393,42.491219412262275,19.278648,20.983572,18.105576,2.274193724174608,6.0127983,0.31701532557235385
40.46682631750006,42.44636766417362,10.811696,10.908172,10.629081,2.0007516801545706,82.25687,0.3178249928824879
40.77468160067614,42.504176982137544,18.962124,20.723753,17.705418,2.3611817910947894,7.5245132,0.3181283412396462
40.8934356610962,42.598717404059826,16.511106,16.842352,15.3163395,1.7494645984877195,24.791864,0.3187594806479588
40.95434567888975,42.78223433503587,18.079628,18.49406,16.67523,2.2763107662443405,15.870015,0.31891091887103923
40.95431660781289,42.78302373491931,14.426696,14.908971,13.783256,1.9949634802744847,87.51846,0.31893940415092975
40.945040846138525,42.833265795792585,18.826899,20.316654,17.406374,2.199500743475661,5.8785105,0.31941102317144426
40.43575831948411,42.44845578322006,19.030592,20.480583,17.893358,1.62038283210175,7.0295568,0.31943683606868406
40.58820994107341,42.445613053602266,18.606737,20.072126,17.41993,2.266910813250375,12.335751,0.31995752345037676
40.476202125246225,43.080473333919834,17.220943,18.25403,15.8440485,1.8823862407117231,4.514029,0.3204419104403351
40.9566075342054,42.78475675741088,17.866074,18.631617,17.005861,1.835915162070696,14.576711,0.3207327836602258
40.092744939423994,42.69744997324366,18.405363,19.76018,17.30365,1.7706773129399196,11.010256,0.3209307948380319
40.94828170737902,42.6943786537357,14.726035,15.130326,13.997032,1.7185900725870966,19.843979,0.32115552800260444
40.94720582293921,42.83439019540039,19.166775,20.212841,18.175987,1.5094558824888487,4.077567,0.3212092122747331
40.907782098959515,42.91312559039644,15.01481,15.673006,14.218998,1.9345342174463724,50.701153,0.3216426649914826
40.10579198222898,42.86587418090961,14.960809,15.554346,14.217471,2.04591111749429,42.423103,0.3217657669553006
40.69220933523332,42.46446462572049,10.671177,10.755365,10.514993,2.0020407274320173,73.61493,0.3228961240991087
40.19602303654165,42.98015201629274,16.310879,17.226553,15.360706,2.0377548482592167,26.541203,0.3230742471513002
40.15643283006985,42.58108892483507,19.484413,20.594927,18.504784,1.5000994477553569,3.949196,0.32309683593821814
40.62692711903279,42.44797591432397,19.82913,21.267393,18.645523,2.4289481604687304,6.2667108,0.32330250931771304
40.11787838624639,42.6318468535756,17.81431,19.120867,16.701817,2.1951109946747787,15.791956,0.32334740870498313
40.89032102498221,42.938708209454646,17.661636,18.903425,16.615295,1.5793386450767564,12.856474,0.3236093371070177
40.298700768430066,43.041629604609845,18.836523,20.43465,17.614824,1.649059844194094,5.0800796,0.3237735835591842
40.83214928189916,42.532128334275185,20.09643,21.084822,18.951084,1.9272033929338943,3.2571816,0.3242664424120358
40.53285652981931,42.437403998060255,19.213728,20.863132,17.951973,2.157770510743021,6.7359176,0.32441741463814816
40.90335407145199,42.5998016329535,15.950671,16.712276,15.108297,2.0507293037362797,39.8633,0.3245027524926154
40.80319484552433,42.51230722560829,17.701561,19.13416,16.680252,1.9431532077146698,14.2902155,0.32458449670716993
40.8377146745285,42.98855078598845,15.174182,15.713861,14.48535,1.6432407913615785,45.368427,0.3246532593884151
40.94587797576495,42.854238357209326,18.003098,19.446817,16.860468,2.199136022962966,13.923672,0.3252919925210937
40.95564945594005,42.8270679791391,18.887323,20.170002,17.57664,1.8935020883094995,6.4499345,0.32571731304588575
40.55551191261504,42.43672678857667,14.53681,15.03365,13.887162,1.7849642729235147,65.58732,0.3259761790212751
40.63600282033872,42.44694415566449,18.523735,20.0551,17.392439,2.179932171820292,12.882896,0.32597744849348853
40.92238419046104,42.901690834490225,17.4149,18.824852,16.265842,2.1885903618367752,19.80979,0.32608177837134483
40.889066239195394,42.57922932615106,19.35323,20.50247,18.08651,2.3038926361297465,5.6246796,0.326516760492761
40.85909542038291,42.974207024220554,15.628992,16.421383,14.771139,2.4114281151698647,54.35066,0.32655085369207915
40.9633958379312,42.7277270447223,17.793396,19.03224,16.697382,1.8173431119273862,14.034218,0.32680603295885857
40.12840763050232,42.60693145805648,14.981198,15.540169,14.274722,1.954687179124628,57.647697,0.3273454678840895
40.94510809467089,42.66097915409138,17.259623,18.109167,16.35987,1.7400115005467256,17.918734,0.32763845735840486
40.6438845094443,42.44659517542279,14.079372,14.468543,13.517234,1.6009827459250814,66.480995,0.32786984061603963
40.33316756108874,42.463997207226875,19.1482,20.685059,17.962912,2.100070460948759,6.9122624,0.3281689657666882
40.759585141639604,42.48449983065815,16.267223,17.160131,15.196226,2.0006009788207963,14.166973,0.3281943782543008
40.091942657970215,42.669372692626624,14.81604,15.32179,14.1556225,1.7776596604562125,65.914764,0.3283423178835429
40.17747346018003,42.55162244274907,11.174769,11.466939,10.720465,1.894250632540524,79.19107,0.32845747238505807
40.11005043714112,42.8926245496442,19.232199,20.937962,18.032383,2.942687387078676,6.196645,0.3284670479183291
40.147169341541904,42.58106336186226,18.58098,20.174225,17.409433,1.4679361952080856,6.999929,0.32878042052112827
40.9663768773981,42.79607228091258,16.662054,17.82444,15.601907,3.020775447603853,43.18218,0.32884550420532693
40.962925722176216,42.815440803063936,15.493507,16.159193,14.707061,2.0204460476380284,51.374794,0.32888081884783704
40.684551722954225,43.067985635646764,18.583399,20.166445,17.429401,1.7889987429129033,7.9987307,0.3289271589201864
40.199295043833025,42.99136874598274,17.44338,18.568594,16.39202,1.7605693717436894,10.826094,0.3290250522864019
40.14560993335191,42.58226289278316,18.310669,19.426205,17.217922,1.7789117927644242,10.764226,0.32908120648407224
40.3167267589891,42.46874516912319,18.50083,19.894,17.399548,1.6328880652262454,7.9510903,0.3292061434341498
40.52303175836194,43.09095142740487,17.978897,19.3296,16.845907,1.8698406079716452,11.575002,0.329255482721831
40.967874021444004,42.78966343898958,18.499538,20.155272,17.293102,1.528354226970483,7.4068804,0.3293493289061184
40.29767711148586,42.476116286384624,19.565208,20.864378,18.359962,1.6139229370256247,3.5142233,0.3294181013481205
40.96264544822581,42.82155930856531,19.366182,20.89738,18.24954,1.5754482373517245,3.7169292,0.32971779888527647
40.16816689187085,42.96647337977324,18.4233,19.79422,17.289953,2.5108503337243526,8.518466,0.3297546942758235
40.96756875746415,42.799441780789536,15.554552,16.285925,14.728576,2.096724618907625,53.01622,0.3300749468264876
40.97042734583462,42.774098140081925,14.830882,15.368171,14.145032,1.9711080736256328,67.44545,0.3303084902058364
40.29651305788538,43.04827217038753,17.821856,19.33228,16.618658,2.994728830367103,15.851372,0.3303232527716022
40.13845290940545,42.58785182873204,18.03576,19.373863,16.907797,1.8716213491810734,13.34997,0.3305204184725809
40.95798323575712,42.68298325136122,19.072165,20.395388,17.92146,1.6095438551107855,5.336286,0.3306818960994425
40.937814270579594,42.88762816275397,19.000242,20.497631,17.772913,2.080955960605299,6.9155784,0.3307629677441487
40.1310213232408,42.59634201992478,20.024714,21.447506,18.685337,2.347844445133382,4.201434,0.3308387486098966
40.94074963606648,42.641506441192725,14.535802,15.030701,13.887084,1.9319733880938696,75.9767,0.33119775005957586
40.81392324234838,42.51017000299626,13.037051,13.369462,12.542066,1.9847776054734139,97.80491,0.33131374168697414
40.89413741128506,42.57491511373408,13.940341,14.355676,13.359653,1.9978540937070135,87.385574,0.3320310027071348
40.91296107167241,42.59658051957671,19.402555,20.917992,18.117666,2.0688968406124513,4.5955157,0.33223780592840785
40.970344346728375,42.801730771076954,19.412172,20.833288,18.131275,2.404112657829199,5.919473,0.33236069039796534
40.85306130249181,42.53636401857074,11.38001,11.626341,10.979375,1.9606006771072986,72.36484,0.33241466038670797
40.9701520081853,42.72110861858184,20.067894,21.275331,18.810432,3.095664827306496,4.9472356,0.33250160985935856
40.523734900489856,42.42882937762672,17.79559,19.121109,16.603424,2.1510515742287253,18.263844,0.33287763383565716
40.16135129516879,42.965188233202255,19.252659,20.108412,18.26346,1.8954004682694177,3.135018,0.3328998348543825
40.96660964478779,42.824062939879134,15.693736,16.42437,14.857272,2.0029200505506823,47.0727,0.33303212725243236
40.709000371829816,42.45881052809771,20.24286,21.166363,18.898106,2.407372880582495,3.5789666,0.3330572733261041
40.56074240968474,43.093652607650256,18.38952,19.749348,17.251398,1.7543520243331925,8.585575,0.3332384679437261
40.68559376392995,43.07232235024915,20.202242,,,3.225238783655316,3.6707354,0.3332431946405427
40.967157129865754,42.82413191788615,19.529236,,,2.333367580715746,5.1561885,0.33343950881554674
40.086293171302,42.663970222747736,18.38568,19.789883,17.199554,2.3141670865683226,13.25753,0.3338822495135273
40.6946832762976,42.453269931468164,13.937106,14.352896,13.358746,1.9990590493726998,91.869606,0.33392774454387264
40.07240811124679,42.82208492974241,18.533693,20.076433,17.316837,3.0201533286823055,12.21923,0.3345361576287043
40.63695711323999,42.43800024992441,17.508263,18.721754,16.441534,2.0917891046743757,20.701477,0.33480179439434266
40.25967271608352,43.03660383700775,16.486197,17.633879,15.42567,2.0126695225680202,23.067902,0.33490825201419133
40.879828864768754,42.55524210953025,15.180907,15.849653,14.390039,2.035112708185538,51.961964,0.335167666550424
40.83021294328913,43.00860639784492,16.267029,17.059774,15.406681,1.5019153193242067,21.478529,0.3352031190177889
40.883383942809964,42.966507085558085,18.407421,19.81891,17.361301,1.6888022973154697,7.607516,0.3355226808693645
40.066474724470474,42.8010867724671,19.507755,20.771402,18.406944,1.8393142584936406,3.8438027,0.33576991644996806
40.416886384664906,42.43446407178658,20.104065,21.392584,18.901201,2.1051263189781784,3.2922916,0.3360572183106712
40.722676716821866,42.459991899602635,13.161976,,,2.0867462086449167,25.392622,0.3363065799074333
40.44451709151094,43.093355253964255,20.085104,21.455376,18.832958,2.9029419271178303,4.1548634,0.33632576201898634
40.06335745890845,42.73691424594559,19.53951,20.723433,18.428137,2.5992342729422178,6.4360247,0.3368268698520332
40.06286854574815,42.787119166172005,16.997795,18.088612,15.967986,2.19835191669545,21.452833,0.3370962418124021
40.57497821452509,42.42692586716348,18.963886,19.621141,17.681648,1.7426991225347561,6.459846,0.3371415765765599
40.339909040684695,43.07181313078063,18.331333,19.004425,17.342896,1.8581844895901354,6.7244663,0.3372231484588099
40.167452578857535,42.546779109008355,16.55321,17.462666,15.585659,1.7892763025253253,21.669193,0.3372295872059524
40.577842183287494,43.09654480521427,19.474659,20.567661,18.398762,2.0773084294081854,4.259892,0.3374395251559366
40.51718727377458,42.42391572852974,18.597353,20.11511,17.473482,1.588796512029748,7.8214183,0.33779474179016017
40.15380397223724,42.55801333990917,18.479021,19.90472,17.297457,2.603285331919661,13.602678,0.3381209946476184
40.40450010912758,43.089095047583314,17.997517,19.604038,16.764082,2.691746564721676,16.515247,0.33828921859784933
40.150745768934264,42.56038409654433,19.917183,20.684862,18.72122,1.9160232484646387,3.8974931,0.3384993409724581
40.40930286800637,43.09035472842751,19.125751,20.75175,17.965431,1.5930165711891535,5.19464,0.3386432801338277
40.15140348438694,42.559417599674184,18.54283,19.79153,17.404243,2.0242336689162572,9.885098,0.3386886779934873
40.93581345384901,42.910828838723695,13.576389,13.953354,13.030259,2.0357396345958283,110.95719,0.338903109020094
40.46524852390656,42.425100531298405,18.179153,19.401917,17.067904,1.4421253452430032,8.934182,0.33907467648870127
40.76444333485657,43.05047830816588,15.351185,16.041601,14.548742,2.2489415169341673,54.42036,0.3394719104502404
40.06321672389812,42.81311592346307,19.8856,21.391098,18.600746,2.179672847587957,3.3446417,0.339723726292535
40.615958929799284,43.09470263336598,19.823072,20.957504,18.56198,2.301895906640532,4.1255503,0.3402138503555492
40.43018539470694,42.42808956564485,19.889994,20.93736,18.77997,1.5954063097942113,3.947363,0.3402141224285586
40.19571932686793,43.00568947937769,15.862849,16.437332,15.143305,1.4325435248758418,22.921106,0.34098242631930986
40.52108007591299,42.4204281725002,19.437967,21.129934,18.213911,2.133535815499833,6.3741918,0.34127188978878076
40.482787271854605,43.101940552649346,14.544008,15.051652,13.874454,2.0271201293631753,70.44354,0.34137695039162486
40.47457136436427,43.10161029614338,19.077734,20.706057,17.885212,2.6857939499719685,7.2111344,0.34159130739832133
40.87510375321506,42.98440231540418,19.934963,20.989765,18.819796,2.1834856318911218,3.4937809,0.3420777868446579
40.73027486403105,43.06758087315044,16.897808,17.892914,15.897047,1.8748778379566386,23.476124,0.34219644681019784
40.79663709748368,42.48596036105184,16.697704,18.09247,15.547346,2.3988895561925903,28.695564,0.342384152268704
40.95136747669543,42.630723406579264,19.03661,20.328104,17.900284,1.5424453601161403,5.0387173,0.34248337703807974
40.86142301818455,42.528135617528555,18.136105,19.318056,17.088305,2.0015637634354433,10.268259,0.3425312003362111
40.89642840015324,42.96565028263967,19.9355,21.31785,18.832747,1.8930093410332653,3.435636,0.34263639009969626
40.40884461885852,43.09441330554076,10.284507,10.324752,10.194973,1.8627098535463782,80.51649,0.34266301394807797
40.2048411490154,42.50983388406852,15.665604,16.328665,14.8446245,1.9270268462428835,46.434254,0.3427329029284901
40.08030716969677,42.87641924374473,17.523703,18.647484,16.456516,1.5334548898797036,9.3285475,0.3428641121359931
40.793159668442584,42.48301521594952,19.750723,21.143988,18.46179,3.07785663602639,6.360185,0.34326308464716965
40.203778810012594,42.50945685450887,14.212285,14.761655,13.513033,1.8974852615375617,54.948963,0.3435406352200541
40.080558476168996,42.87926990274342,18.805054,20.328669,17.562424,1.9948933945621254,5.892271,0.3436481914738878
40.860700420022226,42.52541935433181,13.093048,13.465192,12.554603,2.547080223493183,135.54941,0.34400655187720947
40.849167782076094,42.51636385837211,15.487601,16.170568,14.692842,1.7856641246496503,35.0097,0.3442967190437685
40.95672217409605,42.63549677603681,18.762497,19.999943,17.659336,1.6687807264955503,6.8196177,0.3443335728615032
40.890787781466685,42.97451987789342,14.710128,15.119417,14.136874,1.4534310938847956,46.638874,0.34471171395105893
40.651500616475495,42.43039492015306,19.766115,21.270088,18.394203,1.8133966576116611,4.013918,0.3449930179994004
40.93826073300412,42.92150839866277,17.857605,19.243591,16.66366,1.9173248834092171,13.249077,0.34530263982939224
40.919450022247204,42.578808996461404,15.49983,16.32607,14.5971,2.053222147975041,35.981003,0.3454917330975931
40.42303974848765,43.10011379168346,14.606749,15.138374,13.926024,2.1706836489308485,88.30597,0.34590056825817644
40.55083464592133,42.41647932224199,11.624553,11.206281,10.474802,3.270593554258457,56.009357,0.3459281201613214
40.10997305214769,42.59256729392004,19.685335,21.403236,18.405289,1.5932490263186019,3.21824,0.3461645933498579
40.216291497232426,43.02681487526865,12.702749,13.017321,12.217906,2.0735807221014797,89.807755,0.34648669288026746
40.05669606735359,42.699318194549534,19.676603,20.755114,18.627243,1.594125228330846,4.0798984,0.34656915564127805
40.069946926833346,42.659401270279034,19.479265,20.780716,18.366287,1.5388411498105863,4.6246142,0.3467168288589859
40.88233170923723,42.9854779448019,18.458033,19.897236,17.270132,1.9872426681179538,9.302157,0.3468070369188571
40.17127706251922,42.52883077599927,17.101189,18.14174,16.120085,1.591380931841121,17.866121,0.34688027254968895
40.26618701070894,43.054784536236184,17.903528,19.453089,16.736475,1.9958076996737195,10.505093,0.3473856177625865
40.65628423924077,42.42878936245375,18.012405,19.391415,16.879284,2.12688492612412,16.181051,0.34752970167163055
40.55408434587472,43.10850795656627,17.674576,19.10796,16.509953,2.184256957973673,15.323122,0.3476630084845942
40.0575224847307,42.83539542897868,19.267147,20.536339,18.110989,2.5300039477920313,5.764026,0.34782477218851154
40.810061445482404,43.037880212178834,19.683052,21.112316,18.434965,1.4922839244470916,3.0895817,0.34810278772220593
40.913921480393604,42.56760435165776,17.791883,19.02984,16.645262,2.212926917445972,12.458104,0.3481912107100792
40.12871777895409,42.95936774260376,17.838121,19.148481,16.712736,2.25919519567573,10.807916,0.3488141715330336
40.770731623235775,42.4652389584559,18.886812,20.607645,17.691185,2.4096556245293543,7.027912,0.3488848438930182
40.573199413259736,43.1095647331295,12.90983,13.254471,12.395545,2.2398544572953516,57.325146,0.34997363823340133
40.8136201791649,43.03975275017495,14.587012,15.125446,13.90191,2.064895679160398,68.48815,0.35117454524465147
40.83215891740414,42.49541724249451,17.223312,18.490358,16.056717,1.9512771231123587,13.01958,0.351263711928305
40.99160096040764,42.698918309753,13.171705,13.513853,12.659405,1.960612823417882,59.323227,0.3514815322113464
40.44903084194267,42.41369551778205,20.108912,21.06936,18.897375,1.549789479854237,3.027747,0.3519930420337769
40.99898607626311,42.78941076846745,11.388917,11.561231,11.094715,2.009009580458399,89.84498,0.3520896699829761
40.17199975282498,43.00453968081828,17.106556,18.462517,15.982636,3.0611853077170386,25.042902,0.3525512124114191
40.87827663467167,42.52664192890179,19.589094,20.472843,18.301237,2.471890460303831,4.120514,0.352696784180807
40.583243183705015,43.111468311582286,16.756948,17.690632,15.80844,1.646348723076804,21.337307,0.35274314203096857
40.13871668859975,42.54839519834875,15.222308,15.833267,14.474876,1.962833258815597,56.071297,0.352789592436242
40.9674343017513,42.89271618415664,19.823845,21.020712,18.624706,1.5086237968797223,3.0995524,0.35279386281077174
40.4309098452303,42.41509798670054,17.438713,18.566603,16.371212,1.92769577396292,20.117767,0.3528636093110272
41.00134251430832,42.75376571786313,14.28172,14.739162,13.663732,1.9893593591594243,79.59666,0.3529178802740731
40.25347707089481,42.468636719677384,19.444584,20.922977,18.220182,2.03651483228704,5.8643327,0.3529696178697759
40.47699642787861,42.40918287135968,19.658018,20.76767,18.446608,1.4379704844444652,4.100087,0.35398934335584653
40.63486052123513,42.41744271298107,18.71458,20.219042,17.494411,2.0786738961412436,10.32137,0.35435092859703016
40.935163390542094,42.58026925705747,16.730051,18.037727,15.537163,2.7986144138945206,21.035725,0.35459383427104313
40.40892047921937,42.4167124140586,18.013367,19.34244,16.880095,2.1376691451168153,17.228998,0.3546842585411628
40.83632747287404,43.03075648464821,18.834484,20.568975,17.612541,2.461628553491434,9.212549,0.3547139907311009
40.16897518942343,43.00596379108931,18.175287,19.334726,17.144705,1.5307469792232835,6.3182135,0.355136963403901
41.00176724504222,42.72450743721227,15.20402,15.825268,14.4522705,2.053043415122275,60.72702,0.355176558522088
40.907548477433274,42.9762060874418,18.516237,19.84026,17.114058,2.109687601320665,5.921413,0.3554682611425932
40.10968490585304,42.57438035878076,11.671275,11.962729,11.215823,3.286390262557196,177.90666,0.35562254503847124
40.04114682944905,42.70926707620261,19.514132,20.804756,18.256641,2.5464022806257485,6.6153355,0.35618249346433106
40.03990393031265,42.81036173518217,18.878424,20.42591,17.670143,2.3377170243614245,7.318363,0.35626590057655605
40.149695935089056,42.532619141501876,18.932428,20.779049,17.685005,3.280175716813669,13.178633,0.35635052861143696
40.856628963182054,42.50464854870285,19.335718,20.798615,18.01758,2.17270017010656,6.0184717,0.35653767942013626
40.90733984355859,42.54597711167638,18.044474,19.471886,16.911512,1.8608399607316848,11.090733,0.3568666073797153
40.11026327084902,42.57121598893699,11.928327,12.245486,11.446155,3.2961859821274087,177.2496,0.3569462261519064
40.97216972642709,42.629542847108425,17.417702,18.353924,16.481834,1.547971995747164,14.347588,0.35709601127685453
40.32123529061272,43.08836944167072,19.817959,21.172522,18.573584,2.625493092521545,3.7530043,0.35786419533787733
40.25398850673533,42.462477310151975,19.511654,20.686632,18.481777,1.468486976543869,4.596686,0.35789878441752254
40.033941637270004,42.74242823193534,16.672943,17.688114,15.678838,2.0391131385970636,28.341246,0.3580177142253844
40.56298924144455,43.1184287374288,18.967161,20.501944,17.762873,2.229142041791621,7.527418,0.3580632419127405
40.491351937291824,42.403977438913984,20.437485,21.542437,19.37576,2.453549037497342,3.1119285,0.35837907382862594
40.55486742555089,43.11973509564924,18.288692,19.651878,17.008266,2.5271232152479635,11.053623,0.3589026250974514
40.30666374719767,42.43900773825375,20.09876,21.65722,18.954004,2.5326854496849287,4.0877013,0.35913149591210075
40.992514680739795,42.85789423524899,15.391062,16.19962,14.513797,2.0200782833065003,51.265633,0.35917670955464825
40.38929320428817,42.41581233804908,19.93598,20.923582,18.778723,2.7637274229183344,5.748294,0.3591825950188226
40.853018992771545,43.025971135083445,18.725775,20.10951,17.623047,1.6682940940389828,6.0271754,0.3592728507605903
40.22536077599111,43.04941090265477,17.982058,,,1.4742994458259444,7.249368,0.36000994806025327
40.080492958371444,42.603575209313185,15.918765,16.68458,15.064124,2.0179338774819184,43.82914,0.36023710828236954
40.63515754342384,42.41129239983201,18.866514,20.523289,17.69996,1.9811492852286026,8.588516,0.3603809886463428
40.06127744620157,42.89016089014234,13.595314,14.1133175,12.927532,3.0712050004071787,118.740906,0.3606757308633719
40.831121415092014,43.041793819235096,17.906803,19.337715,16.683783,2.0657224566891634,12.109265,0.3607288152194073
41.0038127764882,42.69658999576292,19.502573,20.780521,18.563406,1.6087000031838792,3.3283174,0.3607305826434875
40.350940966601925,42.4220150649961,14.530342,14.992615,13.906526,1.78033584179137,68.18525,0.36197093767675365
40.78382051321321,42.455716871910106,16.396109,17.380783,15.418236,2.5059511880569723,38.400562,0.3620761721644755
40.987188786099736,42.881692781855875,16.663717,17.775812,15.622483,1.9874186515508678,25.396082,0.3625173677811955
40.17302647303321,42.50466167508018,18.029636,19.606684,16.835028,3.2781235499523915,23.544132,0.36267327003566235
40.321352651890265,42.42956155338391,19.028698,18.99896,19.177692,2.3734316529476573,9.277305,0.3631427957870032
41.00940952981782,42.821112023429514,16.467686,17.21457,15.56331,1.4541350085602915,21.913397,0.363445525475285
40.03947860982712,42.67264369507759,20.04313,21.13835,18.866928,1.929291318673706,3.6090446,0.36467297758234724
40.38854168253614,42.40990158789187,19.784758,21.105429,18.551254,1.9105137728538357,3.9781864,0.3650264701499717
40.45859564606403,42.39940958450974,19.020681,20.5521,17.8091,2.505771990338913,10.854849,0.3651742193853284
40.91905693567908,42.542980724352375,13.975123,14.538898,13.27072,3.1344716140896267,141.09225,0.3655591682926047
41.01047372399459,42.69633605461579,19.427092,19.881525,18.022018,1.4429690261432815,3.848219,0.36559023672407837
40.02222058166907,42.75124765738093,16.480768,17.405676,15.543466,1.9687672410948807,28.612463,0.3662285012814495
40.44146177721218,43.12330505316052,19.518242,21.05235,18.234652,1.943602859464731,4.08758,0.366239395123857
40.73748781960608,42.43174064348504,20.004515,20.732397,18.900105,1.9662574057090623,3.1845043,0.3664926829855878
40.14930541703527,43.007388224813425,17.262566,18.30565,16.24173,1.6615164908714166,12.937383,0.3666839967820159
41.007324238304605,42.679524120640274,19.451885,21.076504,18.222866,1.502487658001123,4.100797,0.3667591240732684
40.85041781489978,42.48596835124887,14.43879,14.913715,13.806614,1.9935872329313207,70.01861,0.3672221260691837
40.82721882055317,42.471499693606475,14.732371,15.206141,14.0958805,1.5078517833794494,32.11537,0.36750956042898064
41.008286780174075,42.84646071102228,13.0483265,13.487754,12.448043,3.171005943411526,195.24265,0.36756581533488875
40.85574269097908,43.035964671262796,17.251696,18.35142,16.254145,1.6346193351344809,17.931492,0.36800050734647594
40.45313284716962,42.39680754196226,17.35838,18.069933,16.21806,2.765445045797131,7.4423585,0.3682785955045924
40.50400454832738,42.39360937420248,19.798073,20.888887,18.399366,1.9010527133261304,4.7557974,0.36829833340373286
41.0057137359043,42.668212098429606,15.02879,15.596701,14.306899,2.012711034975037,41.913635,0.3683450317181417
40.056414023396194,42.622647468605074,19.404045,20.923136,18.184984,2.3366653627627167,6.4331274,0.3685637834468328
41.02171400809139,42.78843458040614,18.940416,20.537355,17.749723,1.919843645676686,5.851359,0.36865374977658905
41.0218227104126,42.73824459482121,19.961094,20.93814,18.664993,2.272542432080667,4.0122905,0.3686587846497005
40.1081008441115,42.552215782318264,12.741037,13.096812,12.2172575,2.8356698726246976,112.11941,0.36878270145534686
40.21432805150772,43.05504165376827,19.576471,20.688732,18.434885,2.023129948496266,3.1538458,0.3693740213401202
40.25198863424506,42.449555652893146,19.50312,21.027414,18.27435,1.4800941755938715,3.7811234,0.3695668844077199
40.86213761896081,42.49004777076671,18.297892,19.885078,17.146046,1.998766714259204,8.076513,0.3699626908294428
40.037851230741865,42.86920046026081,19.740969,21.218369,18.503399,2.58296899388283,3.536671,0.37021598381440385
40.63130243179699,43.12332517434075,18.010466,19.549376,16.84563,2.429507752344435,13.888513,0.3705619961414679
40.98936609474907,42.90110211053709,16.948334,17.946938,15.978733,1.669255513861567,21.117,0.3708254883301094
40.79865011450564,43.072978252291115,19.24606,20.478329,18.019922,2.166323756332451,5.897029,0.3718841334689148
40.97295453486204,42.5936973940951,17.437008,18.700994,16.359062,2.1024127153947467,20.044838,0.3724561626266027
40.78831172476919,43.0786266624226,19.471525,20.596127,18.392044,2.1494325282206446,5.556815,0.3725839835624346
40.73229862423539,43.10135705656907,17.779182,19.096535,16.648298,2.006933347014367,15.443593,0.37329072933694557
40.590598103666316,42.39183723236375,19.621042,20.747355,18.60508,1.4973186247610848,4.049897,0.3734168182135944
40.97823492349712,42.59906503832234,17.232788,18.350317,16.202757,1.9801562971185156,21.348759,0.37354388144143563
40.17066084083144,42.490558265745214,20.106247,20.40489,19.194944,2.579459452472492,4.724128,0.37401824963643937
40.123520490677805,42.527686968387215,19.26244,21.042957,18.075048,3.0307119943835623,9.567054,0.3743765652137133
41.025788713384536,42.70850789526276,14.957425,15.483184,14.271498,1.6629561263585284,56.153477,0.37470777584679177
41.01228004784894,42.865217410290384,20.090574,21.312101,18.785534,1.8705204740873662,3.000179,0.37510124767535047
40.42909407790501,42.3922721561702,17.9275,19.155764,16.80135,3.176606180389593,23.042522,0.37554905672983413
40.69208979138124,42.407655026294464,19.655823,21.09535,18.44586,1.885456456455093,4.704272,0.3758365817126179
40.9373484078779,42.54363018974993,17.592497,19.030027,16.426582,2.3355857207450064,18.672726,0.3760462414708726
40.34170441718172,43.114320970896394,16.63816,17.594446,15.670661,2.4300885807196084,26.184446,0.37620779416245664
40.775066020152195,42.43481563474422,14.25327,14.67421,13.672947,1.52478383373677,63.898922,0.3766769520107279
41.001582758639564,42.894333287934906,14.674238,15.195282,13.990696,2.031181346914528,73.53784,0.37672438743188597
40.24206529650387,42.4448618407245,19.806223,21.210596,18.758394,1.620913369447299,3.4039228,0.3774634798678768
40.80520309378451,42.44743406106555,19.903292,20.79345,18.84134,1.7245995340789464,3.2631147,0.3776015516577525
40.028897816816276,42.65225595459849,17.587122,18.72626,16.511478,2.0711899457542615,20.270218,0.37767018705255834
40.77665237036934,42.43374119788353,19.416899,19.337145,18.397936,1.7221096317953903,3.4028795,0.37819071010876026
40.84596531294045,42.46811515434642,20.359116,21.557465,19.360043,2.29366966620931,3.052874,0.37875335878421956
41.032957250718546,42.71547175424105,19.051653,20.302727,17.86037,2.180232866640994,5.14721,0.37898722353972913
40.54228926438312,43.140419437213566,16.710604,17.768059,15.688615,2.427624760407229,28.593748,0.3790459114017381
40.60113748983049,42.38721576077351,17.50427,17.715229,16.697275,2.016528485622129,6.009652,0.3791284180824521
41.03611436225307,42.78987348755131,18.836527,20.416206,17.375431,2.141209560448376,5.5956535,0.379296651140381
40.00981742924103,42.81977967100305,17.239021,18.018152,16.299004,1.6949777829450643,6.717749,0.3794499110652372
40.502544658652106,43.141146677837504,16.977968,17.902775,16.046036,1.5886144355235505,18.255293,0.3796818575963357
40.018771200846906,42.854289588002906,17.604042,18.601501,16.524147,2.215600218330409,8.38588,0.3797651629975873
40.18858198215349,43.053662676925015,18.094551,19.252789,17.00258,1.8832981587704778,9.77254,0.38006962877218275
40.629270949915906,43.133474015430416,13.732866,14.153879,13.147818,2.224940549894096,104.32566,0.38015776116363564
40.21836738183955,42.453087606783036,19.888884,20.883236,18.782143,1.8314640858655373,3.4919794,0.3805114089852506
40.860680949124465,43.05007237756677,20.181177,21.061989,19.068336,2.8961138427612285,3.2682931,0.3809671530979105
40.20567531422185,43.06513354031965,19.575172,20.322289,18.670488,1.9020695565200174,3.4617503,0.3812301184496441
40.02493529851621,42.649266930218815,14.850951,15.397322,14.158047,1.9889192187877358,67.46857,0.38133690510861057
41.04136983215083,42.75303894193791,18.005045,19.33538,16.871008,1.989013556493845,14.312166,0.38231820161528424
40.19511016747526,42.46370006704885,16.035938,16.818588,15.144315,1.8866976284139159,38.40295,0.38243293592145766
40.96839783050293,42.95918335897205,19.746058,20.681692,18.669363,1.792805575820976,3.8373122,0.38294295175310544
40.33157005802193,43.11889607187445,19.695269,21.071098,18.482265,2.927158480098298,3.9779985,0.3831173769721259
40.41808953603524,43.137809723117456,19.621693,20.86596,18.31472,1.9822457607692403,3.924242,0.3835496627137941
40.20381727121597,42.45723149869892,17.72726,19.014896,16.646152,1.979975031205866,17.939705,0.38357128162776283
40.15936381933373,42.484698948644834,19.561394,20.456936,18.254805,2.421044268805147,6.5416102,0.3840052157668948
40.0377075462857,42.91057435281907,19.220331,20.511309,18.18762,1.660276023321295,4.1065598,0.38426247140974135
40.99619598357451,42.924433839259635,17.937376,19.451092,16.742128,1.9823991912841477,12.319392,0.38468464330651275
41.00437310130677,42.91146619103692,19.263458,21.20472,17.992094,1.8374496532905875,5.16769,0.38493117522327036
41.03537101733667,42.839083735129925,14.0682535,14.489343,13.477624,1.5046865138889995,23.332748,0.38540179423704
41.035098273072855,42.84224430361961,16.151941,17.235344,15.116706,2.7895609134493546,51.516598,0.3858436659762524
40.0076526095937,42.67709566144632,12.63478,12.885042,12.231794,1.603662339189837,95.25416,0.38637756582515254
40.98680982359844,42.94220034136433,18.76076,20.051165,17.544195,1.4732699741549287,4.329917,0.386388820115227
39.996888841642146,42.805901491206946,18.798124,20.205101,17.5598,2.8544518793371436,9.052606,0.38704150458194747
40.398449232663005,43.13853996889805,18.222315,19.515356,17.067905,1.8054606250487617,9.978645,0.38733477581266307
40.942714292346984,42.99623818871975,18.526932,20.44101,17.261274,1.6674249297620305,7.095321,0.38806843290731663
40.12695101927063,42.503015144213194,18.599848,19.833693,17.430735,2.16168248486881,11.343722,0.3884306086368172
40.47957227434598,42.374278453742335,16.914753,18.045588,15.862955,1.9325758122675714,22.696579,0.3886095285643899
40.42184987105461,43.14387950294922,8.979959,8.966912,8.971692,2.008183756489976,46.800507,0.38898099010705384
40.097067877858784,42.99611672675567,19.996393,20.945997,18.701147,2.4610230326095457,3.152102,0.3890575881064804
40.72333850078045,42.40194915439968,16.842705,17.856077,15.842139,1.9721959256847374,26.118748,0.389436260526772
39.99901298879289,42.834416688993784,12.420491,12.699765,11.982738,2.0537983518694,101.912056,0.38970635953111393
40.260475412065205,42.42171018720816,17.504131,18.746674,16.408316,1.6163949110877651,14.414571,0.3902848476725977
40.25053118508759,42.42588690113586,14.604266,15.099938,13.951892,2.0297724370981975,76.94523,0.3903288841138361
40.385348754369254,43.13934580107819,19.722784,21.215582,18.433508,2.3996942911790247,4.037178,0.39044264244977106
40.919006040247275,43.021319535500986,14.2901125,14.74868,13.671666,1.9849374706020322,84.06088,0.3905325848242787
40.50174325587682,43.15220457817674,19.537243,20.36969,18.367863,1.45626004616232,3.6189704,0.390753555514804
40.63377190482371,42.37968099175637,14.296128,14.773586,13.660263,2.255083579228069,93.64184,0.3909734489778018
39.988295549701405,42.748860591559755,19.74067,20.671017,18.676714,1.5356150306706227,3.159597,0.39120679056441743
40.57065007070756,43.151994150384304,19.945204,21.123167,18.798746,1.6722423287984756,3.0155702,0.3919956127862026
39.99340463127352,42.70154850897877,17.212368,18.949963,15.966854,2.6263030174564235,25.58205,0.3920345242784945
40.65007694574448,43.14242008263151,14.398762,14.861537,13.771948,1.9554926760889806,77.55345,0.39230189586872316
40.07963007015626,42.98424489737621,18.113316,19.7507,16.905748,1.972937766977125,11.6621065,0.39250445143820667
41.05414021313705,42.72847713912074,16.933933,18.18274,15.843237,3.2134262517200813,38.817226,0.3930805861672532
39.9977988710882,42.84782160670479,12.981467,13.3017235,12.496382,2.0366730925385124,97.299835,0.39325726191177046
40.23635019818293,43.09595909268566,17.019472,18.18118,15.972889,2.4468468927142553,26.012157,0.39383602019844394
40.87702550689972,43.05693476774669,12.96119,13.295711,12.459598,1.9126914027508422,72.97935,0.3940018910430867
40.746732575085396,42.404510908149774,14.471398,14.884513,13.888621,1.759787203959261,66.130165,0.3940268604033671
40.575607498854566,42.36946059502776,20.181067,21.137402,18.866219,1.7421018937223296,3.3205073,0.39431096321245096
40.98538522287219,42.961422517276525,12.813202,13.1617985,12.300866,2.1209416968105144,111.27582,0.39478644350156794
41.05864436374596,42.76266913888656,18.496367,19.973421,17.357948,2.048739654432901,9.758675,0.3948740946873372
39.98417508643711,42.79246298955153,20.036245,21.138815,18.77753,2.837583589404062,3.1478243,0.3950823531493654
40.4504112298773,42.36957822826848,12.968004,13.291258,12.477699,1.8341828205580513,78.83153,0.3955338053048982
40.762179109147795,42.40817179379464,18.822783,20.075523,17.657967,1.7066363786766245,8.211607,0.3956851228767855
40.037655799071054,42.58721993430823,17.919062,19.354877,16.782589,2.1945560473269445,17.327627,0.395753492331404
40.98313251235143,42.9661984652254,19.232702,20.76149,17.988844,2.2035816950736558,6.3648057,0.39579803023114696
40.443837541494695,42.36985276743637,12.084611,12.180414,11.745722,1.4445876637410715,10.607351,0.3959257074516058
41.03749709682312,42.876463977051664,13.844592,14.180755,13.339671,1.4782485328775563,76.22736,0.39599306119011496
39.981486194383024,42.75365969554154,20.29523,21.81255,18.895897,2.8860902226285963,4.0205293,0.3960621388446158
40.44167331441577,43.15363559232521,20.09444,21.734066,18.878172,3.199686573051058,5.1053653,0.39619056717597456
40.75677297445355,42.405566533906665,19.004442,20.73766,17.768223,1.8130928871045966,7.3961196,0.39625481936859586
40.17687467059127,42.456803831453925,17.255466,18.66902,16.132193,3.19190910111494,36.54209,0.39627419111805223
40.52466514841859,42.36537407278187,16.319603,17.178173,15.410749,2.0502121451830924,37.02247,0.39633615111184883
40.24894724807105,42.41946653598576,19.089542,20.409182,17.919462,2.2404765071033217,7.749884,0.3964585875856175
40.358043524645694,43.140557023926725,13.2950945,13.68683,12.738758,1.8486913655920933,93.41936,0.3971444832764856
39.98287892678888,42.80706780997685,19.238903,20.332745,18.23103,1.7139466109525991,4.9588685,0.39738586606837
40.54458799681933,42.364342526470516,15.64731,16.34715,14.83227,2.001890815467279,50.662083,0.3977435493784716
40.86239426437215,43.07124328762686,19.366621,20.692215,18.30667,1.6669262647552623,4.1002474,0.39799401766182957
40.208200892929376,42.43674933871106,18.518003,19.434958,17.396555,1.605708709793196,8.206582,0.3981723407177318
40.104484324137395,42.506993504075076,19.906572,20.650877,18.893564,1.5265684755059936,3.1641243,0.39834904735879956
40.740396505697426,42.39742100903914,19.282438,21.023321,18.078896,2.5333112666150823,8.1174,0.39855350287464586
40.47975959400885,43.15918650774935,16.599358,17.435501,15.705631,1.5515637567509348,22.428009,0.39861958575321643
40.82942422421497,43.09035581105717,18.354565,19.932602,17.139498,2.781963115793016,12.388124,0.3988524945280775
41.002161807592366,42.94769879303691,18.073723,19.276453,17.022146,1.45336050791617,8.448456,0.39889484074997783
40.83356234580133,42.43594092216001,17.35134,18.361876,16.360357,1.683907694198797,15.822476,0.39890256453925244
41.01076675189147,42.9364560235583,18.845852,20.195616,17.688196,1.765563873824007,7.3689165,0.3994702513278866
41.06424358370868,42.78739554883069,20.121775,20.770535,19.434788,2.293523131394732,3.511587,0.39973080823456897
40.66241059972997,42.37574825683147,18.08442,19.2733,17.00743,1.5452686723778415,10.74367,0.39979408244817327
39.98592892205483,42.84063587114742,14.00344,14.431578,13.411769,2.156294186010754,84.21215,0.40030257287494453
41.06453742879701,42.80346688178324,17.167665,18.333183,16.104704,1.947294116194021,21.976374,0.4012476799528866
41.0060540600277,42.57755542804627,17.199604,18.307272,16.162361,1.848969889831496,16.470158,0.40151081195405197
40.17689355535004,43.075243745555845,19.600895,21.26934,18.35098,2.457030337090544,4.75938,0.4021664043408923
40.07087157565652,42.9920108978369,19.468876,20.93432,18.375916,2.229108364885742,4.1614103,0.4021873690473145
40.016475441390874,42.91994082626299,19.978258,20.92714,18.780704,1.9660686432688907,3.0044248,0.4022273871916192
40.10286360394263,42.502143083016634,19.547531,20.557846,18.362309,2.277877753769395,5.791718,0.4023872565732968
40.47689049080547,43.16299961727187,16.73192,17.689623,15.708295,1.9397484339764326,25.80836,0.40258402938557664
40.00858502991266,42.9067074140317,19.537817,20.73943,18.308903,1.458583151130429,3.2847643,0.4026369679713984
41.0534456110152,42.85911956128024,19.814964,21.089666,18.589039,1.6258798261082643,3.230082,0.4027123534060988
40.66840110414475,42.37390506778,19.021214,20.2236,17.988209,1.5225601760337242,6.4686856,0.4027424682241389
41.006606658802596,42.95033710435215,17.763176,19.024683,16.507765,2.8301520504157587,20.137665,0.4030016405975097
40.117813373814414,43.036516931018454,13.029466,13.410602,12.483051,1.7841028319029368,92.44564,0.4033262777030092
40.907185467380636,43.04974902901107,16.573372,17.501373,15.628376,2.0418683072442247,28.376507,0.40381986919273755
40.136290930901936,43.051274512618185,19.488306,20.75104,18.337244,1.9417779073150003,4.2314706,0.4039475251674156
40.852951939628134,43.08524796574926,14.59691,15.101036,13.924632,1.885525241215757,53.515198,0.40477156345596577
40.056562289630115,42.98258940651203,19.652103,20.989092,18.362614,2.8499955615810277,5.6715612,0.40564290448931634
40.96659189864964,42.52290172277149,11.774952,12.076662,11.30526,2.9783549104150713,119.07177,0.4056568455958265
40.139628165828796,42.46864454094148,11.340229,11.587252,10.937306,2.9475722439076932,154.12952,0.40566891005684136
39.97254078340352,42.81444469455949,14.331428,14.922332,13.592365,2.1213778246179915,74.03995,0.4057933986991485
40.98998779426401,42.54792742049213,15.267127,15.840091,14.531654,1.7750228926266254,33.402454,0.40591493830140685
39.99706916475245,42.63199754645221,19.112959,20.742626,17.89669,2.205006564631502,7.238099,0.4061811169829336
40.94607265271359,42.50257550454701,17.33562,18.478899,16.268185,1.9287142406479632,14.536584,0.40624977893790576
41.07122292048853,42.805445453507794,19.85648,21.055292,18.628792,2.805665828747101,5.11051,0.40632987037132756
40.80183672682447,42.41176541602745,15.988909,16.769276,15.122642,1.9339858610304128,42.284466,0.4065307557242726
41.06847020032974,42.70294894532577,18.84619,20.508928,17.67372,2.5433763102714453,10.010379,0.4065479687287013
40.65236578764771,43.156708582547324,14.175838,14.598172,13.593248,1.6833055943419593,70.75957,0.40657403422482596
40.95807588673886,42.51304294557589,17.084398,18.167309,16.04986,2.0558598728122175,18.243313,0.40658377577129284
41.05380861687185,42.65236729919694,19.047752,20.882706,17.798454,1.658132292662408,4.8089294,0.40664416666917363
40.4730209861986,43.16710435582415,18.475315,19.742878,17.391582,1.4746140602006417,7.4453263,0.4069092361115705
40.58684629559471,43.16608129322502,19.92282,21.190523,18.784056,1.665084811820234,3.055091,0.40725929941759237
40.03556393048661,42.5641186262965,19.905418,21.019678,18.729895,2.001324429192566,4.454347,0.4078702336588201
40.492870439711766,42.35432254965737,20.093,21.592123,18.865742,2.9156016116811,4.7074943,0.40789657687203057
40.91737386814659,43.0482196536958,19.735933,21.02651,18.488089,3.075836664402922,6.2896686,0.40801186152411145
40.03402599582061,42.959930716959065,17.409615,18.623705,16.306433,2.285110192408429,19.945557,0.40817586385543236
41.074698512340014,42.72444669853265,16.962435,18.006866,15.917612,2.0838276963561313,23.74404,0.4084871059419175
41.003653745292844,42.558890640331185,15.794824,16.599035,14.911159,1.9787248765205054,39.153053,0.4089191019894346
40.30112341605566,43.13800461623273,17.002352,18.200087,15.918731,2.4912941439506318,20.319452,0.40921753938797356
41.06539294832036,42.8513890542349,18.785103,20.372795,17.621004,1.854376459762291,7.438835,0.40948399123109885
40.458530774271374,42.354739670144866,16.999817,18.045927,16.02224,1.6153170672372947,21.755648,0.40953687618708
40.06222909903594,42.996079746587434,13.929067,14.349252,13.345659,2.1647192909074087,81.287865,0.4097004466260419
40.11346541595912,42.48237802207518,18.785313,20.09555,17.62335,1.8144616561336273,8.084211,0.40970607780556834
41.07736719062328,42.73297557576008,19.81298,21.116018,18.623165,1.6637306390027635,3.080758,0.4097247408463686
40.866487409835095,43.08397383793942,20.113466,20.878876,18.921272,2.212314928039013,3.281547,0.4098025044137988
40.263901886189224,42.397517519067016,17.706589,19.13021,16.540684,2.3572967690834803,18.733767,0.4103795557928574
39.98374271464191,42.648376469648426,17.622429,18.585947,16.659588,1.4718018405655722,12.952161,0.4106061483569339
40.627375251255536,43.16517383773192,18.453964,19.581474,17.387121,1.4544887134908868,6.771411,0.4109423021049865
40.55709539820073,43.17182708860493,15.97401,16.747383,15.11271,2.128929360653987,44.333843,0.4109861375396146
40.53598534819292,43.17276866481692,14.501946,14.92615,13.918505,1.4879428120305662,60.736397,0.4112188188413392
40.83901424162195,43.10126918993548,15.641656,16.357744,14.811816,1.9479509292274182,31.53193,0.411812232827459
40.65140724019353,42.36123502240844,14.557292,15.07456,13.888022,1.9839883441440969,68.682045,0.411857158492437
40.66771280688314,42.36399691354742,19.818731,21.362402,18.562286,2.556851675563349,5.9357266,0.41216044535812635
40.46217921151438,42.351702849590765,15.085826,15.580558,14.4389,1.4937524702816023,49.348114,0.41226471638061063
39.99907193674913,42.609553216020764,19.2952,20.809015,18.028057,1.6495322642658654,4.27953,0.4125907171125083
39.9606133556381,42.72872803088528,18.081144,19.334238,16.952658,2.0468234085058836,12.133112,0.41270785228299367
40.01305463478945,42.9399990209726,20.347681,21.02019,19.149895,3.311159574497809,3.2573922,0.4127390772821472
39.96896038266585,42.84182027247885,15.471803,16.295303,14.580796,1.459209509276426,33.535732,0.4127399156122338
40.75335958109775,42.38608233724318,19.03885,20.64926,17.890028,1.7088964668972255,6.982913,0.4128166553004189
40.08568254962115,43.02404809340384,18.067501,19.350147,16.933079,2.887508326157302,16.098263,0.4128507370497915
41.083612741644735,42.75787900802063,16.790401,17.819256,15.748308,1.7315829742488873,16.055426,0.41323768382869913
40.950805600118464,42.495695809994906,13.643564,14.026102,13.095537,2.034317065287522,80.87507,0.4133445416746171
41.04695846493949,42.61540063541003,14.241341,14.673376,13.646605,1.8460663385615743,72.320335,0.4134978664122138
40.974408859902624,42.516834533641756,18.607101,19.906069,17.483376,1.8986089474878323,6.7442904,0.41389251742021027
41.08487965992539,42.759145859426425,20.029284,21.628109,18.815203,2.4217260754030256,3.8261504,0.41415383476818907
41.08450175976296,42.78589905567213,19.994516,21.188684,18.768917,1.949222821598903,3.2410529,0.41448614591562
40.45282968739037,43.17334478777984,15.255218,15.8775215,14.500517,2.010453578729544,59.975487,0.4146385450154998
40.76306509222514,42.387336667970004,19.88972,21.22651,18.553741,2.3648289336376367,4.3153524,0.4146990548653956
40.268973888417804,42.39076514599241,17.88093,18.938433,16.858494,1.5979249705187466,12.561306,0.41470459140227756
41.059118359293635,42.63582964198059,18.275469,20.168043,17.113796,2.413210026827428,10.756034,0.4151655547834798
39.95937245991544,42.81296635096746,16.445255,16.915352,15.676165,1.8118558654489747,3.9190874,0.4151968725627963
41.084175387035934,42.799485073667476,19.275093,20.596214,18.143354,1.5657662719570298,4.217924,0.4152169943751783
40.608709415215934,43.17195182804708,17.800314,18.947948,16.763708,1.5181303660777503,11.014182,0.4152644166353741
41.086713127004124,42.75135286758676,12.618827,13.008269,12.064682,2.4737206349913983,126.5,0.4156470185185244
40.884241090034294,42.443463437725555,17.737303,19.358667,16.502703,2.0109170660094313,12.620555,0.4157391128048074
40.37673916854558,42.35951809177971,17.293047,18.325905,16.326696,1.9759997343553932,22.19569,0.41594399290588413
40.08529072352136,43.02905137795402,16.868534,17.765387,15.952391,1.728724370444239,19.980509,0.4162580740954922
40.60190231961342,42.34968265780064,20.27425,20.903938,19.190971,1.6974605720543763,3.0565412,0.41632594977248444
40.54928636855689,43.17760741779779,14.847321,15.583869,14.013056,1.9973287452052333,64.29555,0.4164293954320875
40.976523319906605,42.514591459887924,14.1831,14.621151,13.580941,1.7900653933528117,24.777617,0.4164793937368305
40.09957866877794,42.48329170409231,13.738312,14.069792,13.022824,1.6176094700959873,10.209501,0.4166268921789529
40.7802399001579,42.39132493918309,17.92599,19.234573,16.793104,1.9471138877984793,14.46159,0.41674377286892567
40.52392988193294,43.17921272827976,17.369377,18.495438,16.323137,1.9029101584421984,19.640036,0.4175190091289284
39.96319306179278,42.68018713044823,18.674736,20.548597,17.423285,2.6170228085458174,9.47608,0.4176853366014842
40.88182635628931,43.08559114534947,19.456125,21.483929,18.210796,1.8024562575304035,4.8585634,0.4180837230822515
40.09276634316347,42.48572241550788,9.18667,9.1850605,9.1570215,1.9932771528413957,80.46073,0.41875889410711337
39.96104036461701,42.84360925257332,17.749725,19.196627,16.580908,2.553317342499762,18.900162,0.41878225004817937
40.40373955433852,43.1716748775206,12.006162,12.254798,11.606186,1.7041551543912101,72.18224,0.4188278277545125
40.24222120517545,43.12754282954607,18.74066,20.23859,17.508743,3.0416112892405254,12.259377,0.4188377835766153
40.633773953096075,43.17251095858126,14.383706,14.91034,13.70009,2.03121518257176,67.21802,0.41904601003002756
40.80577327044666,42.39841974334682,15.440949,15.977446,14.768508,1.4373246148603556,36.58955,0.4195268243202898
40.64814874626839,42.35240551051379,13.616895,13.950545,13.11638,1.583535681139877,79.39167,0.41990634804140436
40.880808134630335,43.08854873485108,18.946255,20.579191,17.819595,1.7193085501760992,6.141179,0.419906666210323
40.67145637156926,43.167098735190976,19.25365,20.761219,17.99894,1.6811870687846917,5.0747185,0.4201218049480715
40.74318636970866,43.14950912435555,19.896687,21.06852,18.62856,2.0894066196703314,4.0614963,0.4205788139226826
40.24507923274896,43.130753359177305,19.108686,20.691252,17.857937,2.718334639984995,7.454503,0.42063462805599855
40.23702342262233,42.39582758147204,19.81289,20.92218,18.51411,3.1986843039999324,6.864355,0.4213379035955815
40.05786973799018,42.5133737026763,19.323233,20.911829,18.044714,2.0892877615055028,5.4666367,0.4214778547509356
40.75205675434301,43.147831690654755,17.968513,19.232187,16.85565,2.030688399543505,13.351616,0.42159756959224026
40.645392644150704,42.35009404136072,16.144785,16.873114,15.3124275,1.8452558833396302,35.530624,0.42171362897632414
40.995378138839314,43.00049009098651,18.810402,20.2037,17.66269,1.6536022286194267,7.329188,0.4218454592956272
40.006713524530134,42.57379780657323,19.269474,20.684526,18.113413,1.5035192764937697,5.258095,0.42213120112402036
40.07390693309418,43.02833252744689,17.619999,19.018253,16.46722,2.258077399232659,15.951115,0.4222313526681365
40.671653556259365,43.16930171061349,19.803982,20.889524,18.683817,2.5198711343040117,4.879947,0.42228515147096835
39.95931508185134,42.85582562440132,19.168,20.7218,17.944098,3.1200948423561172,9.704144,0.42253624159459546
40.60066234050673,42.343186742193005,16.118774,17.014051,15.184851,2.268432115650392,40.095802,0.42262798347346325
40.20334416758106,42.40926448258514,18.647224,20.08177,17.518747,1.478782172245637,7.0610757,0.42289611104403824
40.88790412174796,42.436361202844424,18.81642,20.397062,17.652721,1.966293194236655,6.2293468,0.4229278370554501
40.311754051969814,42.36768937104184,19.521997,21.230707,18.210754,2.0628854447810436,5.188297,0.42302404145580674
40.94140173686579,43.05162220240295,15.975905,16.635962,15.2021,1.48544491009239,27.930708,0.42304194716176574
40.75227483665559,43.14940743141674,19.889566,20.902008,18.758001,1.4805338701815742,3.114103,0.4231042395960944
40.63333533256519,42.346668853251465,17.942717,19.375717,16.668518,1.492596192921814,3.7115593,0.4232290081005045
40.3178595725522,42.36559415316766,15.37285,16.146595,14.518787,2.4554089857478876,67.41993,0.4233687420978535
40.27832177431694,42.37773069707232,16.742039,17.73506,15.7609,2.4952665716056783,35.38479,0.42346279963477745
40.81525272887923,43.127019103713174,17.723059,19.00445,16.611837,1.7246171854645334,12.34829,0.42416583108085226
40.53424674269468,42.33735894296852,18.871035,20.000603,17.820236,2.163262772764576,9.791916,0.4244566672226647
40.10113268544566,43.05530099983999,13.213998,13.520692,12.744035,1.8159111096997138,39.26733,0.4250697072685267
39.9641836186137,42.880483045053474,11.92752,12.160004,11.541991,2.0217862849777233,95.09288,0.4251945279484883
41.10099117132256,42.767203588454954,16.4997,17.414581,15.555145,2.041536884681154,30.638792,0.4259828003448693
40.270442141029655,42.377338942450436,19.861599,20.938372,18.610579,1.7709645535412681,3.5764751,0.4262958203912861
40.25322869991087,42.383521133192744,19.24853,20.80655,18.08361,1.8450701181784934,5.494944,0.4264334195010985
40.41766606767807,42.34203461770453,19.946745,21.326756,18.706566,1.6370238547765348,3.2143118,0.42648701399846045
40.06610112156156,43.02802188685429,18.670223,20.369047,17.549208,2.580367126833933,9.655929,0.42648731231705794
41.09643083828616,42.82290302485514,12.416121,12.706652,11.971887,2.127778632180553,33.418713,0.4268200276460177
39.96709136846345,42.632812459319624,13.057822,13.426165,12.519893,1.7888769615252835,29.710583,0.42686841143461846
40.047968686660546,42.51386715511967,20.247581,21.140032,19.088493,2.1166306366749628,3.2987404,0.42709699397125994
39.93801823043575,42.767682363262125,18.196905,19.460888,17.083145,2.3169505041398355,13.800402,0.42788929475096893
40.370158232250745,42.34838041526706,14.953834,15.671151,14.134788,2.7225352100312383,82.65233,0.4279562480167039
40.972429595130784,42.49198205260846,13.841131,14.178752,13.338839,1.4873024088344846,50.27412,0.4279837223673089
40.18689017990997,42.41117943287297,19.720552,21.017258,18.61554,1.722289042099611,3.7906966,0.42813895514153555
40.747599520702636,42.3671237183421,14.345436,14.801082,13.728154,1.9456913715285629,82.25018,0.4284775311940921
40.43170172804147,42.33826723798764,17.112831,18.21206,16.075886,2.519690292718067,32.185707,0.4284898235395535
40.93428954912957,42.459760482757545,19.033373,20.383408,17.912615,2.173552384738218,6.3539023,0.4286896040554145
40.66266387845688,43.1778017422916,15.508505,15.973292,14.537582,1.6180831601531938,26.299383,0.42885394094109636
41.05132468436335,42.58249829763442,20.094034,21.221628,18.859137,2.5675897273949153,3.335236,0.42925912263335736
41.081436946925045,42.63923125323405,18.655546,19.990591,17.515318,2.1756869189804897,8.651106,0.429832411588395
40.317998872041365,43.16570098315014,13.106821,13.501262,12.548564,2.2094310466179348,108.18588,0.4303964199281035
40.11671822706572,42.45057868219469,12.179921,12.504776,11.653741,2.2802654794806707,11.642821,0.4304075840649018
40.74081443266907,42.362464713578454,14.022679,14.442374,13.4331665,2.007729288313543,95.91718,0.43086980573512884
40.37555698908962,42.34400456450852,18.801266,20.016262,17.68534,1.5099727560801999,6.88217,0.43118090476802623
40.09377188248893,43.059074233063086,19.830217,20.976263,18.761362,2.2100656775875445,3.298423,0.43156873719838873
41.044034222923365,42.95987916704728,19.379683,20.902765,18.14758,1.7618868844110578,4.8573484,0.43170964041085913
40.8347795649671,43.1274401104055,19.245611,20.93043,18.098679,1.7341824017237095,4.9799643,0.431960931279414
40.219451314720956,43.13404121615845,14.998701,15.575936,14.276082,2.0059503765422657,61.515343,0.4327731190306998
40.150696770325034,42.42518851622157,16.927343,17.856003,15.988741,1.5521798897599337,21.465181,0.43298252718687275
40.40265226885312,42.33753914213332,16.11184,16.893387,15.115719,2.0887151927973746,40.58245,0.43299885468365473
40.6281474848411,42.33594116824008,20.471905,21.5579,19.504566,2.7200302682635367,4.059813,0.43304111613741725
40.81025700369692,43.13975451670624,17.288635,18.472633,16.2388,2.088175659398197,19.898579,0.43337215439900373
40.88773744583896,43.10262796032298,18.849695,20.182306,17.746397,1.5173264092556462,5.1859074,0.43405951502368784
40.29553380690105,42.36060235407886,18.971626,19.177576,17.962246,1.496556374534479,4.6981387,0.43406074678118534
40.07215052741552,42.47931917025681,19.513245,20.89186,18.397223,1.5602754615289904,4.010272,0.4344316668181782
40.37031304928511,43.18197732693124,17.211985,18.423851,16.13132,3.040003798136556,26.700003,0.43446169072517554
39.92869615553955,42.74158176435925,17.56435,18.78526,16.488419,2.237057519543058,19.948616,0.43524797660580394
40.05074180677478,42.497004241610206,19.37804,20.877396,18.039337,1.783056928449451,4.18481,0.4355133079883192
40.06015188945354,43.03745319129767,14.288498,14.750296,13.665714,1.9750587172151743,76.01719,0.4357856182393855
40.05583136232649,42.491521866272336,17.993364,19.235239,16.915796,1.9334602764436875,13.832869,0.4359339575169818
40.619317543995344,43.191659333194316,19.318245,20.88408,18.035225,1.9386822371804302,4.772493,0.4359590021341633
40.44609678773027,43.194504609120244,11.85985,12.175967,11.377847,1.4551852613231737,17.3517,0.4362417119529411
39.932290902788665,42.82430316978251,12.551868,12.836076,12.104928,2.0590572997141683,85.78758,0.4363685819111011
40.74151499326925,43.167211147608825,17.30202,18.590979,16.039803,3.05685308898146,15.281083,0.4364924754500451
40.05238656305474,42.49336095295488,18.344715,19.840963,17.236437,1.6008556007139152,9.41865,0.43678966405563924
40.084430001755756,42.465323226997576,17.31304,18.453136,16.271397,1.862898589209533,18.578213,0.4370008063539263
40.26514933840215,43.157152695008904,14.918975,15.507453,14.187943,2.0144087216957582,65.2803,0.43747759975449496
39.93312657563415,42.690692638220476,11.545086,11.825091,11.104502,2.1816338010202645,78.5995,0.4375072430202377
40.47950971610499,42.32503276770019,14.508638,15.194908,13.711835,3.301406023452553,131.1573,0.4377256098407458
40.973392545027885,43.04786502864159,12.932713,13.34904,12.347818,3.2166293886628052,161.69342,0.43794217474302166
40.953881153567956,43.06371590840563,15.90861,16.685228,15.0539875,2.0093558936597127,41.96031,0.4379714098837791
40.17905555888851,43.12124340143357,17.991682,19.30222,16.850111,1.704879002868305,9.267,0.4380156046263531
41.00795125779383,42.508779933201495,17.394407,18.698936,16.319204,2.6901758189683824,21.202822,0.4386447794429569
39.95163684130948,42.6296826245329,19.2155,20.411028,17.908396,2.0609515356928645,6.32936,0.43865176637168324
40.075582181840375,43.055519887940335,19.209578,20.93156,17.934319,2.47034604271755,5.877738,0.4389389306198556
41.01160396167611,43.01353023196133,19.609516,20.840649,18.616125,1.5690687666855243,3.5374575,0.43901556544930287
40.95381449695078,42.45919186498941,14.779835,15.313199,14.070792,2.154722679271795,55.603626,0.43939923797427227
40.75165212543053,43.167862516062996,15.059709,15.578252,14.377343,1.6731766301461073,50.90579,0.43989240204945596
40.37987397118436,43.189356695960576,17.454441,18.601402,16.355341,1.9417671551192246,14.130339,0.4399105482274432
40.16277054033025,43.11518564290684,18.06757,19.182186,17.00984,1.7413720160146795,11.090759,0.4400590893734903
41.10042269374549,42.875744303091246,15.085787,15.798105,14.271097,2.5873477703965255,72.38393,0.4401866748079658
40.02456993353544,42.515686524588645,19.927132,20.682178,19.01386,1.798624370319595,3.4546123,0.4402051066444567
40.32245054316537,43.17782282137375,18.365305,19.766556,17.24085,1.527076518955682,7.006043,0.4407062763732668
39.920712058146556,42.75206041835215,18.946795,20.274302,17.81727,1.505075291149741,6.0313025,0.4407136700769675
40.37879249135289,42.33323476995169,18.777575,20.430145,17.615135,3.047670849742269,13.03325,0.44105270632895693
40.251408384778784,43.1567010558118,16.271242,17.084276,15.387376,1.8063762585069727,30.193842,0.4414678860034764
39.95807496044993,42.91940739380813,19.810455,21.158731,18.517944,2.819671397178561,5.4056373,0.44172815316259395
40.62414251214042,42.32621584779381,18.045639,19.447077,16.918097,1.8778184931374098,14.230855,0.44208983211359176
40.615945280586615,42.32513214774638,19.295782,20.61042,18.081863,2.0430711809192434,7.2041078,0.4421599004514533
41.06273521701197,42.95693688139118,11.252155,11.453293,10.906001,1.7377295738404492,80.77773,0.4426352891157262
41.00880791627149,42.50206515128937,19.426384,19.950064,18.028383,2.2582991580905585,4.1375866,0.44307666161607134
40.36346771722797,42.33395867078626,19.07226,20.704662,17.870178,2.7698887083407158,10.919645,0.4431673051590476
40.63546668089764,43.19701807526163,14.998699,15.566779,14.283001,2.0033961905174236,62.430958,0.4433274716830723
40.04897854280838,42.485238042252554,18.096634,19.497284,16.966005,1.9302852651123628,12.80769,0.44380281674218997
40.51829485716406,43.20566262104824,19.504505,20.676554,18.249228,2.6246291382347247,6.990719,0.44396640342209487
40.18249574317245,42.39395069071873,18.809385,19.978962,17.571909,1.7730318900137199,7.788552,0.4441803654088354
41.126006339742815,42.74034217058914,12.8802,13.15522,12.447585,1.6062884979955523,75.75648,0.4449212777974766
41.09774639500947,42.62515215515034,19.225447,20.54463,18.10013,1.9163388572035827,5.112611,0.4454927006268251
41.124276314277516,42.810430241462,14.956879,15.525918,14.241596,2.0187981838124607,65.48322,0.4455601048351251
40.80533996427629,42.36834924726944,18.469517,19.757843,17.28677,2.3914831961685326,13.956039,0.4456930682391789
40.99335212234022,43.0424631658865,17.834425,19.264727,16.709385,2.5960110201127646,16.14116,0.4457002233789993
39.91425216863044,42.78776822070444,16.533493,17.289066,15.712953,1.4946049941671438,24.85194,0.4459854796672317
41.06726390623272,42.95801800809597,16.24671,17.116499,15.351627,2.080564871288165,37.617374,0.44608852648422637
40.54538046645579,43.207553499213375,19.701681,20.973688,18.465818,2.378693346757222,5.2054205,0.44621594734516595
40.5906905980862,42.318253802221186,18.690138,20.261278,17.474962,1.7407292253729767,8.472085,0.44642614233641853
40.30135320978625,42.345315086347206,19.327347,20.161173,18.36548,1.5326151101160983,4.841589,0.4466633993171767
39.96684957564726,42.5778754421262,15.669631,16.299486,14.909384,1.8942239611306635,50.13868,0.44686368233107876
40.61881408626724,43.20288577350456,18.918514,20.580254,17.802853,1.5905011505635114,5.884572,0.44697450000753763
40.79186079032429,43.16246704567796,17.725939,18.627604,16.806145,1.502747327307954,12.959766,0.44717080949846477
41.0138283864682,43.02556986725091,14.506377,15.056528,13.809165,2.362397057471997,90.12825,0.44731732850881595
39.98058467876748,42.97025985469141,17.204115,18.103374,16.273624,1.4333747359817959,14.745438,0.44751737890913695
40.61155262383608,42.319101188738856,19.315397,20.71034,18.166666,2.2778704477386107,7.8038144,0.4476212367914096
40.45054355409726,43.20643896336972,20.036957,21.416983,18.757618,2.904201813486859,3.6440065,0.44769879221570263
40.87854501286995,42.398934083331135,17.961226,19.375305,16.780798,2.0297802616463283,13.5321,0.44831613092010675
40.03665847713065,43.036098930832274,18.036894,19.532179,16.888948,3.2097142631273274,18.820835,0.44841701724361316
40.35017278268727,42.33120208425786,19.088028,20.157316,17.995758,1.5005167214650215,4.7953176,0.4484754255927943
40.187244321909695,42.386279361021685,17.506882,18.725035,16.424824,2.098889798740824,19.82261,0.44863661545037353
40.931986439597026,42.43047092336612,15.56766,16.252417,14.767166,1.9827811423841155,36.28228,0.4487027519109594
40.12629180477446,42.419629348342674,15.040831,15.83617,14.169273,2.829380522428947,92.24407,0.44873889034035985
39.946712055775315,42.60890669222204,18.50202,19.765331,17.388557,2.2441792678517882,11.859993,0.44881325991848287
41.13225457247849,42.764500231485016,16.715628,17.79921,15.673588,2.098820690864158,27.493748,0.44891769734121495
40.997377846199846,42.48071938826813,19.288946,20.926205,18.001818,1.7939171854920577,3.7231128,0.449367409221392
39.92070232861977,42.85278902545513,15.789717,16.565922,14.930051,1.8460384905745515,39.63323,0.44958133387158733
39.925107850207226,42.86763015886071,16.42469,17.299698,15.512303,1.8865981649299532,28.944729,0.44962880207285055
40.94233129484056,43.089100031918505,17.202011,18.395052,16.134584,1.9615702932070809,17.651808,0.44995799864007807
41.12577781782338,42.691287417949255,18.62941,20.09045,17.41516,1.8689119343484286,7.6346416,0.4499596740961008
41.043010539924595,42.99851968808621,15.460613,16.066587,14.725806,1.9443007757421393,52.734272,0.4500165027506016
40.69149804657946,43.19407173754063,18.980547,20.127186,17.996586,1.8726260158704198,6.7049384,0.4500460567270385
40.592841063759046,43.20907773004866,9.956529,10.144644,9.627396,1.7862261943414708,88.391136,0.45047094806252946
41.1150858665524,42.648979308125035,19.07403,20.592907,17.725945,1.9130255398735252,5.392376,0.4510234381214494
41.06431997490922,42.97388134233266,17.735664,19.012367,16.64313,1.950363340039196,15.701244,0.451342566632407
41.11565195794393,42.64851789071181,18.824228,20.472378,17.391197,2.3152251032128386,7.9167295,0.451543246485775
41.126284675654375,42.6837291889331,15.525776,16.05097,14.846872,1.456477503432943,36.00299,0.451597599011918
40.19092291315727,42.380616752432395,18.751125,20.22129,17.378868,2.351018120463312,6.9098754,0.4519297433338693
40.19134026057113,42.380122298644956,19.749866,,,2.4581344728551784,4.726889,0.45218228990858955
41.133863374691174,42.80779775770171,16.29675,17.153786,15.383506,2.001742790898722,32.99104,0.45228803600331674
40.391312541198126,43.204000892741846,16.743053,17.942808,15.621039,2.728981852383757,25.143608,0.4523308833549573
41.122726924303876,42.66591313176978,12.837219,13.152159,12.357138,1.9730633688661636,98.34759,0.45251938660263213
40.44004921623204,42.31301664423464,14.509089,15.007351,13.8580265,1.9253853350011554,74.91163,0.4526112639542811
39.90921053599175,42.701387244338356,18.385927,19.810402,17.237082,2.2888011463900795,11.18479,0.4532671566429085
40.061886465714316,43.06660527732031,18.35241,19.526045,17.327747,1.4914333556060742,7.6363196,0.4537917652463874
40.443235240222386,42.31131632332223,17.235428,18.416191,16.155504,2.355429248001741,26.581238,0.4539954853718318
39.935910124601115,42.6147164388608,19.836233,20.993841,18.636522,2.7542943672057216,4.850369,0.4543558099270121
40.838070773224295,42.371722012555544,17.942238,19.33588,16.802858,2.8917660627953943,21.702656,0.45462314889523114
40.87461092561068,42.389096552927846,19.36072,20.550676,18.285282,2.472286424151521,4.5956626,0.4546586829399272
40.87724793170303,43.13430065064019,17.527672,19.124165,16.321526,2.3662954510707714,19.420061,0.4548673706714039
40.06840924328168,43.07386253611441,17.253132,18.091934,16.340841,1.4367506789794737,14.2914095,0.455196586091087
40.321703674513664,42.33057959768236,19.226748,20.81774,18.092169,2.3296816660158304,6.1826787,0.4553896168480398
41.045992424317305,43.00534789903155,18.750513,20.097975,17.589325,1.60560321974826,6.635652,0.45547360054786956
40.373780549280006,42.31925536551352,18.265303,19.66515,17.124857,2.2111316799687035,14.077314,0.4555119273580817
40.834137691982896,42.36844595670755,18.944078,20.151392,17.833784,1.5433098726527406,5.8831153,0.4559666676094325
40.8854842053687,43.13221771262691,14.584958,15.132177,13.880588,2.0361172374729315,58.754585,0.4566629847763672
39.92807010860592,42.90220547463976,19.847708,20.982172,18.79963,2.4046414658800015,4.3528047,0.4568221447005431
41.01955165283912,43.03659848243088,18.840115,20.632288,17.62499,1.4984016079463485,4.978556,0.45722781336350254
39.91995551619937,42.88436264899184,20.380594,20.896603,19.292027,3.189712727838994,3.7669492,0.45744476758528957
39.89791099737442,42.776955571093666,16.767866,17.886042,15.717709,1.8664985946905623,26.84262,0.45751213223500664
40.392293333566094,42.313983732812794,18.173096,19.514137,17.032372,1.6694800322743688,11.4796505,0.45761933126803694
40.32265633377133,43.19590399818248,15.09107,15.654956,14.382974,1.7744420653131108,48.07233,0.4577630797520377
39.89695205416548,42.7563266462508,17.875666,17.938871,17.117983,2.4940469273997845,4.3420286,0.45806944016901524
40.62163054438758,43.21433414847252,11.578601,11.915395,11.070304,1.700677077854765,89.70459,0.45860406682958293
40.32290893488202,43.196945622619715,18.517712,19.659098,17.19732,1.9164507487196332,7.6666718,0.4586924632055439
40.90498830641695,42.40061809094762,14.241602,14.649617,13.658054,1.5655983343066917,53.70431,0.45869730380788
39.96339549514452,42.970256575614115,19.514688,21.08302,18.224478,2.3470398939716146,5.3706765,0.45870033743150557
40.8939271951473,42.3943278938438,18.287273,19.772507,17.067423,2.0613460312313876,11.683536,0.4587498159255942
40.52438342806179,42.30280277479927,20.016396,20.929085,18.910385,1.851353200421589,3.326552,0.4589048224027607
40.47236977672397,43.21929580006988,16.342249,17.221626,15.418096,1.8856549018868678,29.270918,0.45896495495223594
41.13792586110468,42.83929113984658,19.121422,20.673988,17.901375,2.4791301296461983,8.0241165,0.4593987823653826
40.58469211892169,42.304683758992674,16.974678,17.78075,15.968797,1.4394792673450347,16.264675,0.45943491615644144
40.9266852068348,43.1121331705992,12.771156,13.087847,12.29165,2.0645573857800734,103.26063,0.4594567581839824
40.08441648118657,43.09200329851889,19.400871,21.022234,18.133087,2.0104540851313155,4.5185237,0.4595635957817132
40.28315749299188,42.33673905420774,16.858355,17.861877,15.870874,2.129248131319072,27.752302,0.4596095655264696
40.822911855212006,42.359406635968675,17.06865,18.127172,16.04322,2.0739795561837053,23.860088,0.4597350161375016
40.207124959550086,43.16026067394405,15.975893,16.586292,15.161581,1.606662140493766,14.947394,0.45993954072589976
40.980622897740844,42.45012800541315,16.423172,17.487623,15.402287,2.6747167285472906,38.19136,0.46002057382772493
41.14370011453374,42.71357719759022,12.638225,12.950524,12.157167,2.040531956645505,95.145874,0.46002367520457876
41.1252518978351,42.639704354123374,19.850685,21.276955,18.597744,2.301016324404768,3.4808996,0.4606617410577206
40.54442477070671,43.22314536627505,18.27471,19.772772,17.120651,2.3687746929917775,15.501619,0.46176880074615695
41.06307524598978,42.99777272033172,19.027716,20.481684,17.822117,1.9778319103213513,7.7370353,0.4622036599508051
41.125651960449936,42.8920623763078,11.751664,11.981724,11.370235,2.041304568885394,101.37613,0.4623620618484474
40.40737704775118,43.217064021728426,17.853626,19.08531,16.781954,1.4394487874611737,9.539289,0.4628603700992414
39.89275945736558,42.80401846858734,19.51308,21.000164,18.248837,1.7102312678865106,4.7989945,0.46287717616475305
40.199501080536585,43.16042654580132,19.266869,19.556395,18.507257,3.0286051534124945,6.4527764,0.4628920504236783
40.24820846175627,43.17969632500954,17.85368,18.831059,16.869722,1.6522632525961942,12.11876,0.4631445832926429
40.91175244954263,43.12632978755819,18.721552,20.018368,17.582602,2.4467109032706063,11.35656,0.46352512865983553
40.42073176038521,43.219558384742186,12.648952,13.016732,12.114661,2.0645688494777974,81.84613,0.4636722070380177
40.196056339258,42.36312325384727,20.256548,21.092241,19.105793,2.933285488057162,4.0282063,0.46483649479293676
41.02315313940843,42.47938865857712,15.21892,15.8417425,14.472077,1.9828264144023036,42.1087,0.4651299753293422
39.93835115609063,42.57944535472071,18.829178,20.354374,17.628794,2.1475084738556047,9.220803,0.4654203342108432
41.142481539865464,42.854478342545804,19.748001,21.217205,18.373999,2.471485612988989,4.8390355,0.46542643755105073
40.25808301912317,43.18578413805754,18.521921,19.862907,17.355518,2.377820099510444,11.016507,0.46561323056529846
40.969961020868176,42.43346804245098,18.432716,19.50164,17.323584,2.02947300343435,9.634258,0.4658937775142726
40.98791570820335,42.446938583589635,15.676538,16.34146,14.897766,1.6463179605190783,31.909653,0.46613804748043364
41.121284589053644,42.91522335796452,19.987318,21.362955,18.641747,3.0046620840852696,4.3768315,0.4663147495498422
41.09439950903789,42.96392377395436,18.58249,20.030321,17.359047,1.533596533078629,5.9410186,0.46654320509331704
41.12866551775575,42.89947642997944,19.691587,20.935875,18.568909,1.6144851905659732,3.3929195,0.4665924918692359
41.1337135998848,42.639339017671624,20.091644,21.750195,18.828815,2.488119174144826,3.0772753,0.46675805166414597
40.9722128021441,42.433459485383416,13.593309,13.981029,13.039411,1.9072530817137372,87.42236,0.4670776236354426
40.72020430922804,42.318163767447814,18.210468,19.582163,17.088642,1.8002494921817749,12.793341,0.4672367466525808
41.13174751986829,42.63110444668083,16.877872,18.140371,15.666449,2.679076786790892,18.238796,0.46762507207198545
39.888436453851696,42.70671917728058,13.238432,13.584659,12.730933,1.5075474619017046,82.460396,0.4677186861241544
41.13039449637179,42.627329829067776,11.567144,11.864031,11.107415,2.9446500651642253,141.56131,0.4677536839551326
41.15792020067863,42.78196643420684,19.269327,20.688034,17.875877,1.4595169481621326,4.216475,0.4681246513786005
41.111843955846226,42.93900158394197,16.997662,18.000685,16.00893,1.732944657446021,21.266834,0.4681828288715206
40.231225883184564,42.344923674954856,19.937918,21.004871,18.86077,1.9792600331559895,3.7489974,0.4681930670772038
39.8825663415627,42.773230506623136,19.215126,20.86606,18.077513,1.8398053200906364,6.3741755,0.46867799860041415
39.89802041468,42.660155197633685,17.865757,19.179623,16.725769,2.442126415808641,15.562359,0.4687391888600166
40.186209709453244,43.16172080008673,19.230562,20.796663,17.969564,2.013124137687946,5.7531385,0.4690098994544441
41.029349226687735,42.478907328681686,13.733182,14.141847,13.164269,1.9887518730755214,68.97976,0.46905284940180614
40.31708838985983,42.31699263968011,14.937039,15.4894285,14.231342,1.9814963768963103,57.87661,0.46935429941946943
40.01635547594587,43.05129456530018,11.817488,12.083666,11.390455,2.4074581242842608,100.43886,0.46945199144153965
39.88250167110625,42.791376294953054,19.958452,21.120325,18.866556,2.1178741471236577,4.1064215,0.46945388472691696
39.95445299058245,42.981301662109566,9.2294655,9.242306,9.170231,2.0542654581069373,69.65334,0.4695770400723568
40.56119493802206,43.23063849730621,13.911769,14.332627,13.323526,1.9984896860933616,107.17167,0.46986827260070496
41.01800213711955,42.46680415704893,16.179918,16.990843,15.2967005,1.8711998723069396,25.523514,0.46994556056039033
39.94157127838989,42.96380900360674,19.19794,20.504955,18.187122,1.5966542544502855,4.782992,0.47021596186721065
41.13037629064746,42.61840507456046,15.800687,16.658068,14.895424,2.309813549165394,46.464214,0.47041302396117135
40.55241364930288,42.291161584652706,19.539297,20.939554,18.424341,2.3856333897368347,6.66436,0.471114842039098
40.420423936421365,43.2271100862241,14.805669,15.329552,14.124919,1.6575822080370008,45.211094,0.47116505591056945
40.9991554000494,42.4472466072796,15.999651,16.670528,15.22166,1.58455859353303,25.036469,0.47206714773343705
40.13652885334936,42.3837890631477,18.200573,19.442842,17.130142,1.5096273617181137,9.573353,0.4721183967885382
39.932385999573135,42.572705955609095,18.118422,19.20127,17.084047,1.450104084089837,9.678005,0.47213782701251605
41.01326777525719,43.06639955633756,14.340155,14.798137,13.71774,1.9424793402640994,71.603775,0.47214861913052736
39.87765660982455,42.741522918935495,18.916334,20.034178,17.812683,2.187079570384179,8.449187,0.4726920686615495
40.63343865832975,43.22717593671795,19.156849,20.548782,18.063732,1.5190973261197989,5.1938214,0.47271047245378656
39.99655716241473,43.03736100622776,12.886926,13.289868,12.323706,1.5573350539382995,65.89278,0.4727251438285937
39.88944484028394,42.8574511637065,12.590581,12.878357,12.13989,1.6980637703655932,84.348335,0.472964915724611
40.49415167815688,42.28881176856171,17.046001,18.40853,15.961091,1.922244770123766,24.150038,0.4732958614696996
39.8891544181013,42.85830476960554,15.598219,16.092642,14.8055725,1.6515218751583003,37.655262,0.4733439025803537
40.18697326257111,42.35715659610209,20.033176,21.00457,18.907808,2.2454338214275578,3.4037576,0.47340861659169364
40.163918847736504,43.156663899360595,19.853321,20.980614,18.580128,1.8801961633314126,3.2076845,0.47350842871680976
39.932519222036966,42.95774091261274,19.674644,21.324596,18.463741,1.6128066121805154,3.2677178,0.47369117181480824
40.799717170066195,43.18934594057664,19.583275,21.202946,18.37142,2.085429685708113,4.5677133,0.4738398534645434
40.00255962098305,42.48010787207846,18.343737,19.21702,17.011885,1.6705495843105065,6.4055595,0.4740446635491848
41.1651508170281,42.797715812489265,15.442999,15.986134,14.742881,1.5235020521159606,39.011566,0.4743026764890721
40.98002896254628,42.428703043268015,19.87672,20.792604,18.854473,1.879203500488477,3.3493612,0.4745231685133336
40.60479062354706,43.232467209635686,18.023628,19.39658,16.826082,1.8863082812644645,10.213743,0.4747581545102171
40.199357009482476,42.35006772831193,15.101008,15.71881,14.300342,1.7905375010124542,10.149214,0.474873995990718
40.325113045272424,43.21449220062385,15.264429,15.892209,14.516622,2.030369940020531,44.32613,0.47487958195257207
40.83626536917205,42.347106613897814,13.542035,13.91439,13.001549,1.997540684576635,108.54492,0.47527743366848446
39.876952415460515,42.81380175962811,13.915985,14.327405,13.341466,1.9069454102836874,86.98585,0.4753663987776622
40.00417375768019,43.04944271273965,18.428131,19.564573,17.339653,1.877286310126904,8.599279,0.4753877647386726
41.138767360331194,42.90600356139834,18.2571,19.505669,17.20268,1.6092246163005255,9.596485,0.4755921974694949
41.11619586655129,42.57512187262099,19.276077,20.824123,17.99418,2.183672947289591,5.1771774,0.47588658212791934
39.88601980276409,42.664470857961746,19.281633,20.396704,18.2071,1.4617017311508809,3.6122348,0.47643617428797114
39.91097798539427,42.600087600922954,16.465733,17.540777,15.447207,3.21266568416925,49.714638,0.4765444140716819
39.91506290737762,42.934734026271876,19.540188,21.241972,18.35645,2.2684991798883427,5.2921557,0.4766182824702515
40.02474785860383,43.07036633332249,17.60864,18.606396,16.58762,1.8092383947931399,12.575037,0.4767067693467544
40.21242807433404,42.34234614536413,19.802715,20.976288,18.540672,1.9355635147350727,3.751195,0.4769290813945115
39.90548947249339,42.91640847925471,14.144652,14.580325,13.553018,1.694925356719669,63.503723,0.476972483827859
40.753353005986156,42.316465503894236,17.161896,18.22928,16.155674,1.6609057779033396,19.950047,0.47706775868131035
39.98048208636057,43.02814452044281,19.468493,20.643812,18.40064,1.7243151120690687,4.2394342,0.4771575882255135
40.5205436256779,43.23945370336562,14.132771,14.538502,13.558658,1.475243136487508,61.513878,0.47775374015755984
40.359202762667216,42.29892549245115,18.527397,19.754215,17.490559,1.5775361496030327,8.084488,0.47785041250552734
40.656547989429484,43.22920313450546,20.435394,20.956852,20.048063,2.9119133051679915,3.470029,0.4779298256091609
39.87144937726495,42.79841011380813,19.702465,20.887691,18.433298,2.25476721228559,5.114096,0.47801199880367357
40.62034210169158,43.23416793752365,15.889809,17.04972,14.817218,2.821831793182883,33.147404,0.4780440460525837
40.78479595498421,42.32481940706898,17.243917,18.28535,16.241407,2.3736884847334156,28.11259,0.47822128149075177
40.18342434925721,42.353037762988244,19.68331,20.746372,18.367529,2.317103987700418,4.068777,0.4782902615721233
40.57247219822761,43.23863338655344,18.870594,20.397942,17.57079,3.3217938520788204,13.0868,0.4784282089760264
40.886482781165085,43.158302235412435,19.702778,20.677555,18.7039,1.8739180840919243,3.8438578,0.47844677299200045
40.22675354279055,42.33502505117598,15.000058,15.503369,14.342821,1.572503347210765,43.42857,0.47851597331347756
40.007620554099475,42.467651880201345,15.487321,15.420259,14.1664915,1.4947943055492288,16.231142,0.4786340084229144
40.00650680542085,43.057023942288204,18.194176,19.444477,17.136238,1.5747117506671975,7.6670804,0.47865014659574107
41.0187008980895,42.45362207925096,14.45569,14.9461,13.809731,1.9321612186199402,56.248734,0.4787506494401171
40.54386140685089,43.24019148643024,17.712818,18.784002,16.702673,1.5203017444652025,12.617585,0.478788629087739
39.90304413318879,42.91683527049534,17.531038,18.688673,16.455688,2.9439027453839546,23.496906,0.47880559607331924
39.88714459408086,42.87911032130222,18.400251,19.660746,17.3382,1.5123987989522305,8.338427,0.4793777057092343
39.98373411623279,42.490220576099,17.624952,19.144934,16.437815,3.2103519441636594,29.36888,0.47943422130890967
40.747547968727886,43.21154640623423,20.11081,21.07584,18.942148,2.4770378626347163,3.993254,0.4794515719281128
39.940810482763965,42.98378309018201,15.749684,16.38873,14.990601,1.434062683762138,30.835852,0.4795738882524722
40.43747323158881,43.23861428932398,14.934597,15.491448,14.220402,1.4549791929328448,25.329283,0.4807920440925227
41.16308507341603,42.85867691775828,12.134339,12.405431,11.696106,2.001792441214304,37.81847,0.48106094225606255
40.30438579758029,42.307793977637736,19.844526,20.820415,18.547007,1.433772016352821,3.0053494,0.4811033420290044
40.8258597820577,43.18818789855062,19.629932,21.113985,18.425686,1.8011977155212895,4.689857,0.48136077488812123
41.088090140774035,43.004895893437954,20.489573,21.220745,19.184216,2.4559370657818245,3.2469826,0.4815910681527867
40.865912762370726,42.35244189184033,10.668638,10.992571,10.172223,1.9312834603473121,65.29331,0.4817827337338767
40.851032284328355,43.17871702789358,13.227978,13.535084,12.755964,1.5163508082913495,88.30302,0.48196372335488996
39.99391325248745,42.47501374515233,19.47522,20.7677,18.283056,2.9105645051370796,8.008336,0.48220171095074665
40.302703344578084,43.216778361541316,19.539068,20.69571,18.442287,1.685140976057211,4.097844,0.4822310949237268
40.47844309639318,42.28033976111556,17.869793,19.446121,16.682178,3.217394103905337,24.296919,0.48237147580433204
41.16196853812725,42.871566335774105,13.139719,13.588,12.533114,2.9812615193128127,177.57364,0.482978613552579
39.862801548247,42.7859402276917,14.676897,15.1365795,14.042394,2.0223230656950153,69.982994,0.4836039978275427
39.8662406096382,42.81783996305552,19.871662,20.874083,18.67777,1.5938253376315468,3.4697926,0.48361740867360636
40.00971490519026,43.06808695337523,14.548237,14.969106,13.96088,1.623494558192324,50.995895,0.48370735479205884
41.0773854877796,42.50144402859254,17.743439,18.897648,16.648048,1.9834721612343018,11.37597,0.4851971815701952
40.91809319144282,43.150264407293676,20.216454,21.350382,19.028873,2.1230967153539084,3.472827,0.48531239623520805
41.17765187429745,42.69532831631629,17.613464,18.77256,16.54938,2.2995515117138,17.203547,0.4870504880173929
40.11948238359011,43.15046714908986,17.24429,17.664335,15.424578,2.0915062399451383,17.760736,0.48724422864172845
40.1997987904987,42.33565983577124,17.097923,18.031698,16.1556,1.5550809947812179,18.061909,0.48727123355476787
40.162318795365636,43.17239704974342,20.11424,21.37317,18.811087,2.720549445486838,3.9091356,0.48732039903684504
40.11950278763942,43.150667968808236,17.193861,17.642426,15.447252,2.051572990484258,13.056291,0.4873951869969533
40.945827986256035,43.137309311596105,14.751804,15.284331,14.065602,1.9840604765749121,66.67049,0.4877138679085273
40.790956561723,43.20787811794882,18.763853,20.344059,17.560047,1.7942453858212208,8.402289,0.48798704182782693
39.89353730206814,42.92484621916324,18.876678,20.463013,17.708597,2.4046083606873783,9.3799305,0.4879969455315037
40.823849774419465,43.19648112491927,18.720167,20.045212,17.405384,1.9085972448917978,5.017535,0.488047054291686
40.983736262084136,43.11291916638637,17.809425,19.133066,16.66273,2.1021050291808328,16.277365,0.48807475205087053
40.96106905955334,43.128304955128975,19.490099,20.846498,18.29717,1.8413270757525606,5.5132937,0.4881212823523599
40.13007758265262,42.36679840919864,19.93284,20.771849,19.070889,1.7431617338737153,3.3533478,0.48863092605366026
40.498048664877345,43.250307464033284,15.159964,15.894381,14.330647,2.728722816816864,84.90658,0.4888906413048526
40.47638974122379,42.273873765349606,16.754444,17.624643,15.845678,1.6363442900685987,23.449333,0.48892318962286796
39.984445463899476,42.47259891079466,18.90334,19.693922,17.774796,2.2093672338943167,6.539368,0.48925054738743595
41.113546434977685,42.98716955985956,17.076727,18.151428,16.074553,1.8347686772897631,21.339119,0.4894194949793048
41.082541326415246,42.49928069294516,19.442038,21.272387,18.242563,1.8712061681326262,3.6775973,0.48956504623434455
41.10531557942005,42.526139162788915,19.310167,20.5492,18.202072,1.4566319329528796,3.6031241,0.4902551465214708
41.16394118778329,42.62966884880528,19.710644,21.309252,18.528194,1.8132477851920854,3.2887757,0.4907784704742481
40.313342643521125,43.22862155802694,18.04399,19.248775,16.795551,1.5312218022508561,5.6541033,0.49095751587241704
40.93653267707109,42.377829656698864,18.557264,19.808289,17.480673,1.5358719306374795,7.5791607,0.4910131345554977
40.51319398734484,42.270461713309274,19.868994,21.148947,18.68381,2.5262172751074132,5.181507,0.49127027613492447
40.18769856870089,42.33593057403103,19.201057,20.836584,17.929108,2.481165684660154,7.766923,0.4914243591294079
40.05374918152794,43.114930141182334,19.225502,20.663317,18.04895,2.9237018633761775,7.673626,0.49161021747324474
40.83130401649785,42.32643262710559,19.472616,20.920483,18.332249,2.4191258784179097,7.6161284,0.491722177605457
41.09078320408238,43.02170238994948,20.063658,21.072802,19.055416,1.5705717634066563,3.200548,0.49191838991667847
41.0624758842669,43.05260826258951,19.621845,21.049698,18.34797,2.175662980857357,4.9820404,0.491975826110111
40.73720286669017,42.29602266039933,20.166971,20.908728,18.89308,1.7588136531396092,3.0171583,0.4922268150199672
40.061232425827875,42.40353368938483,14.157285,14.479564,13.573541,2.371300144923085,12.3523035,0.49273016433734595
41.18621739443708,42.69911527294669,18.646381,20.218534,17.489046,1.9928392048514167,7.9322376,0.49277448317837397
40.81070380502045,42.31663705775011,18.541,20.038956,17.401186,2.3716484359039685,13.312798,0.49366740442498314
39.8500818136249,42.80474932875215,15.822773,16.643906,14.939928,2.259449476186408,52.139996,0.4941368370084366
40.06323423793656,42.40006533524568,18.792595,,,2.331849666621545,4.697372,0.4942575363237263
40.08851283107366,42.38360131084242,18.96779,20.479637,17.841583,2.843343580073301,9.561989,0.49426775498712805
40.50603991499328,43.255877702156255,11.116295,11.368531,10.70658,3.2875128722295366,137.63823,0.4942955532821587
40.0629755966286,42.39995819971406,17.93074,19.133528,16.337175,2.7569216698686145,16.565348,0.4944659413367465
39.90532772923361,42.96421199410819,19.612934,,,1.688845746036705,3.1215723,0.4944980113585509
40.98511447034108,42.404326794216374,19.861347,21.403229,18.642004,2.396023478139621,3.7241952,0.4945620249375339
39.903388214233786,42.56396737279026,13.310119,13.686921,12.768162,2.337464077793539,130.14821,0.4952044803583397
40.91447449067062,42.360229085366456,16.149967,17.205574,15.133535,2.529853010519101,36.571007,0.4952340076675744
40.912301881724964,42.35841383501004,15.554164,16.159506,14.809363,1.7185385219137912,39.127758,0.49577667558549093
39.8525329372392,42.69055741525513,16.604954,17.51534,15.671262,1.916967644170207,28.606487,0.4960392918457367
40.28169908222954,42.29778283705437,18.451563,19.933138,17.26531,1.906725227716142,8.227724,0.49625083393634856
39.84786168728718,42.81042429224801,16.835228,17.417799,15.211021,2.7256331681302237,26.791931,0.49626251276099403
39.847872746869,42.81070495216549,17.059286,,,2.3702488402952167,24.77564,0.4962809557343027
39.86082651536315,42.65601798485591,14.747744,15.382747,13.986994,2.5197277777397944,81.15486,0.496335115651856
40.1490843292994,43.17712369380566,12.768712,13.065327,12.308555,1.827830753218691,96.58011,0.49654267133621566
39.867523573560305,42.63457873080694,18.806625,20.4369,17.540335,1.8143159759645648,5.5110188,0.49665928225554223
40.8544537901348,42.329990533378606,19.608849,20.874481,18.364895,1.4725150489107877,3.9067488,0.4967866334847386
40.679742346129885,43.24493009130632,16.169542,17.195843,15.162336,3.035925080910466,54.93025,0.4970131004351174
39.8441925605078,42.74728799617955,19.400997,20.946161,18.119246,2.4620789406328054,5.848875,0.49701970779352495
39.86290005478376,42.64526325744719,18.452467,19.515306,17.403694,1.4652554410078622,7.060769,0.4972950269077782
40.888929895337284,43.17996297601986,15.529695,16.157001,14.767126,1.6804649563477672,39.297104,0.4974916643402778
40.00564129279216,43.08628811790389,17.999794,19.379654,16.836744,3.219995790331436,18.432673,0.49765181062623864
39.84335123782703,42.746496627187945,18.48831,20.042448,17.32017,2.1658774236819265,9.487619,0.4976639221780544
39.89891399725146,42.56534461271699,18.919468,20.393484,17.725178,1.9040738554094605,7.074736,0.4976730245883994
39.86615746837033,42.63434235623803,19.64617,21.040985,18.434711,2.1616390349947165,4.346041,0.49769121655567455
39.91406808486778,42.98576909771017,18.859365,20.191843,17.745834,1.9727803650321012,6.9882917,0.49791129830068304
41.18075109777784,42.881030029707276,13.21772,13.653404,12.609429,2.8644092405350494,161.97363,0.4985487714210583
41.16639339618186,42.60859797481866,17.905361,19.118803,16.805548,1.622879023346925,9.897461,0.49865303095844077
41.19067706867359,42.68101630111689,18.92813,18.474771,17.582066,1.4629727931756407,3.379069,0.4987017074436834
40.311495928420044,43.236513521189416,19.378048,20.627302,18.229586,1.953808501492699,4.9338684,0.4988788579698436
40.000221794871635,42.44143712091013,19.318113,,,2.3263703867074192,5.9464517,0.49939799257826656
40.00039724946544,42.44100372952288,17.934898,19.215134,16.654243,2.0631726413136837,13.080439,0.49957802251856004
39.946750150505004,42.49479117047915,19.182547,20.905764,17.866919,1.9084072279785165,6.7316794,0.499630399767089
41.08978713065809,43.037319900567844,12.192463,12.46163,11.76672,1.9813235632182706,112.03401,0.4996956111264004
39.84413848897346,42.708578478714536,15.050774,15.563757,14.382452,1.852431399993248,55.728153,0.49983633787853976
41.151450803785956,42.95182265540557,19.85499,21.400291,18.581501,2.7042979263967872,4.304986,0.49986860785052395
